text, lemma_, pos_, tag_, dep_, is_alpha, is_stop, isOov, count, samples
all,all,DET,DT,det,True,False,False,6,[u'batch job all-statistics', u'batch job all-statistics show']
code,code,NOUN,NN,dobj,True,False,False,2,[u'iot hub certificate generate-verification-code', u'iot dps certificate generate-verification-code']
revoke,revoke,VERB,VBN,ROOT,True,False,False,5,[u'network vnet-gateway revoked-cert delete', u'network vnet-gateway revoked-cert']
datum,datum,NOUN,NNS,compound,True,False,False,8,[u'dla catalog external-data-source list', u'dla catalog external-data-source show']
manager,manager,NOUN,NN,compound,True,False,False,15,[u'network traffic-manager endpoint list', u'network traffic-manager profile update']
generalize,generalize,VERB,VB,ROOT,True,False,False,1,[u'vm generalize']
query,query,NOUN,NN,ROOT,True,False,False,2,[u'storage entity query', u'network watcher connection-monitor query']
disk,disk,NOUN,NN,nsubj,True,False,False,20,[u'vm unmanaged-disk attach', u'vmss disk']
ptr,ptr,NOUN,NN,nsubj,True,False,False,8,[u'network dns record-set ptr create', u'network dns record-set ptr update']
issuer,issuer,NOUN,NN,ROOT,True,False,False,10,[u'keyvault certificate issuer', u'keyvault certificate issuer admin list']
zone,zone,NOUN,NN,compound,True,False,False,8,[u'network dns zone import', u'network dns zone show']
peering,peering,NOUN,NN,amod,True,False,False,2,[u'network vnet peering list', u'network express-route peering list']
send,send,VERB,VBP,ccomp,True,False,False,1,[u'iot device message send']
recurrence,recurrence,NOUN,NN,compound,True,False,False,3,[u'dla job recurrence show', u'dla job recurrence']
tail,tail,NOUN,NN,ROOT,True,False,False,1,[u'webapp log tail']
swap,swap,NOUN,NN,ROOT,True,False,False,2,[u'webapp deployment slot auto-swap', u'webapp deployment slot swap']
string,string,NOUN,NN,dobj,True,False,False,9,[u'iot hub show-connection-string', u'webapp config connection-string list']
webhook,webhook,NOUN,NN,compound,True,False,False,9,[u'acr webhook show', u'acr webhook get-config']
replication,replication,NOUN,NN,nsubj,True,False,False,6,[u'acr replication delete', u'acr replication show']
list,list,NOUN,NN,ROOT,True,False,False,400,[u'vmss list', u'monitor autoscale profile list-timezones']
upload,upload,NOUN,NN,ROOT,True,False,False,8,[u'storage blob upload-batch', u'dls fs upload']
item,item,NOUN,NN,nsubj,True,False,False,5,[u'backup item set-policy', u'backup policy list-associated-items']
mount,mount,NOUN,NN,compound,True,False,False,1,[u'backup restore files mount-rp']
force,force,NOUN,NN,nsubj,True,False,False,1,[u'redis force-reboot']
dco,dco,NOUN,NNS,nsubj,True,False,True,3,[u'acs dcos install-cli', u'acs dcos browse']
sync,sync,NOUN,NN,dobj,True,False,False,3,[u'functionapp deployment source sync', u'webapp deployment source sync']
budget,budget,NOUN,NN,compound,True,False,False,5,[u'consumption budget show', u'consumption budget list']
eventhub,eventhub,NOUN,NNS,ROOT,True,False,False,72,[u'eventhubs eventhub authorization-rule keys list', u'eventhubs eventhub authorization-rule keys list']
download,download,NOUN,NN,ROOT,True,False,False,13,[u'batch task file download', u'keyvault secret download']
run,run,NOUN,NN,amod,True,False,False,5,[u'vm run-command invoke', u'vm run-command show']
port,port,NOUN,NN,compound,True,False,False,7,[u'network application-gateway frontend-port list', u'vm open-port']
append,append,VERB,VB,ROOT,True,False,False,1,[u'dls fs append']
resume,resume,VERB,VBP,ROOT,True,False,False,1,[u'sql dw resume']
find,find,VERB,VB,ROOT,True,False,False,1,[u'find']
access,access,NOUN,NN,compound,True,False,False,19,[u'dls fs access show', u'dls fs access set-permission']
experiment,experiment,NOUN,NN,compound,True,False,False,5,[u'batchai experiment show', u'batchai experiment list']
template,template,NOUN,NN,compound,True,False,False,4,[u'lab arm-template show', u'monitor autoscale-settings get-parameters-template']
public,public,ADJ,JJ,amod,True,False,False,7,[u'network public-ip show', u'network public-ip create']
metadata,metadata,NOUN,NN,compound,True,False,False,18,[u'storage queue metadata update', u'storage share metadata show']
slot,slot,NOUN,NN,compound,True,False,False,6,[u'webapp deployment slot auto-swap', u'webapp deployment slot delete']
redeploy,redeploy,NOUN,NN,ROOT,True,False,False,1,[u'vm redeploy']
protection,protection,NOUN,NN,ROOT,True,False,False,11,[u'backup protection', u'network ddos-protection show']
logout,logout,ADJ,JJ,ROOT,True,False,False,1,[u'logout']
address,address,NOUN,NN,dobj,True,False,False,16,[u'network vnet check-ip-address', u'network lb address-pool delete']
path,path,NOUN,NN,compound,True,False,False,10,[u'network application-gateway url-path-map show', u'network application-gateway url-path-map rule delete']
change,change,NOUN,NN,ROOT,True,False,False,3,[u'storage blob lease change', u'cosmosdb failover-priority-change']
wait,wait,VERB,VBP,ROOT,True,False,False,17,[u'group deployment wait', u'network express-route wait']
publisher,publisher,NOUN,NNS,ROOT,True,False,False,1,[u'vm image list-publishers']
convert,convert,NOUN,NN,ROOT,True,False,False,2,[u'vm convert', u'vm availability-set convert']
aks,aks,X,XX,ROOT,True,False,False,7,[u'aks', u'aks browse']
queue,queue,NOUN,NN,nmod,True,False,False,31,[u'storage queue metadata update', u'servicebus queue authorization-rule update']
cert,cert,NOUN,NN,dobj,True,False,False,18,[u'network vnet-gateway revoked-cert delete', u'network vnet-gateway revoked-cert']
action,action,NOUN,NN,compound,True,False,False,11,[u'monitor action-group delete', u'resource invoke-action']
pause,pause,NOUN,NN,ROOT,True,False,False,1,[u'sql dw pause']
app,app,NOUN,NN,ROOT,True,False,False,6,[u'ad app', u'ad app update']
replace,replace,NOUN,NN,ROOT,True,False,False,1,[u'storage entity replace']
apply,apply,VERB,VB,ROOT,True,False,False,1,[u'lab vm apply-artifacts']
redi,redi,NOUN,NNS,compound,True,False,False,7,[u'redis import', u'redis list-keys']
txt,txt,NOUN,NN,nsubj,True,False,False,8,[u'network dns record-set txt create', u'network dns record-set txt add-record']
gateway,gateway,NOUN,NN,nsubj,True,False,False,117,[u'network vnet-gateway create', u'network vnet-gateway revoked-cert delete']
cloud,cloud,NOUN,NN,compound,True,False,False,8,[u'cloud unregister', u'cloud list']
environment,environment,NOUN,NN,nsubj,True,False,False,5,[u'lab environment create', u'lab environment delete']
use,use,NOUN,NN,ROOT,True,False,False,1,[u'aks use-dev-spaces']
consumption,consumption,NOUN,NN,compound,True,False,False,18,[u'consumption budget show', u'consumption reservation detail']
browse,browse,NOUN,NN,ROOT,True,False,False,5,[u'aks browse', u'acs kubernetes browse']
next,next,ADJ,JJ,amod,True,False,False,1,[u'network watcher show-next-hop']
connector,connector,NOUN,NN,dobj,True,False,False,3,[u'aks upgrade-connector', u'aks install-connector']
asset,asset,NOUN,NN,nsubj,True,False,False,7,[u'ams asset delete', u'ams asset create']
dns,dns,NOUN,NN,amod,True,False,False,92,[u'network dns record-set ptr create', u'network dns record-set cname create']
attribute,attribute,NOUN,NNS,ROOT,True,False,False,3,[u'keyvault certificate set-attributes', u'keyvault key set-attributes']
scope,scope,NOUN,NN,ROOT,True,False,False,3,[u'monitor activity-log alert scope', u'monitor activity-log alert scope add']
preview,preview,NOUN,NN,ROOT,True,False,False,1,[u'dls fs preview']
type,type,NOUN,NN,compound,True,False,False,12,[u'eventgrid topic-type show', u'sf cluster node-type add']
prep,prep,NOUN,NN,compound,True,False,True,2,[u'batch job prep-release-status', u'batch job prep-release-status list']
authorization,authorization,NOUN,NN,compound,True,False,False,55,[u'servicebus topic authorization-rule create', u'servicebus namespace authorization-rule keys']
appsetting,appsetting,NOUN,NNS,nsubj,True,False,True,8,[u'functionapp config appsettings set', u'webapp config appsettings delete']
accept,accept,VERB,VB,ROOT,True,False,False,1,[u'vm image accept-terms']
recoverypoint,recoverypoint,NOUN,NN,compound,True,False,True,3,[u'backup recoverypoint list', u'backup recoverypoint']
vpn,vpn,NOUN,NN,compound,True,False,False,17,[u'network vpn-connection show', u'network vpn-connection update']
resize,resize,VERB,VB,ROOT,True,False,False,5,[u'vm resize', u'vm list-vm-resize-options']
subscription,subscription,NOUN,NN,compound,True,False,False,21,[u'servicebus topic subscription rule update', u'eventgrid event-subscription show']
aaaa,aaaa,INTJ,UH,compound,True,False,False,8,[u'network dns record-set aaaa remove-record', u'network dns record-set aaaa delete']
account,account,NOUN,NN,compound,True,False,False,132,[u'account show', u'dla account blob-storage delete']
endpoint,endpoint,NOUN,NN,compound,True,False,False,23,[u'cdn endpoint list', u'cdn endpoint start']
join,join,VERB,VB,ROOT,True,False,False,1,[u'dls fs join']
mi,mi,PRON,PRP,nsubj,True,False,False,6,[u'sql mi delete', u'sql mi create']
dev,dev,NOUN,NN,compound,True,False,False,2,[u'aks remove-dev-spaces', u'aks use-dev-spaces']
purge,purge,NOUN,NN,ROOT,True,False,False,5,[u'keyvault secret purge', u'keyvault purge']
incremental,incremental,ADJ,JJ,amod,True,False,False,3,[u'storage blob incremental-copy start', u'storage blob incremental-copy']
install,install,VERB,VB,ROOT,True,False,False,4,[u'acs dcos install-cli', u'aks install-cli']
learn,learn,VERB,VBD,ROOT,True,False,False,1,[u'network vnet-gateway list-learned-routes']
abandon,abandon,VERB,VB,ccomp,True,False,False,1,[u'iot device message abandon']
caa,caa,NOUN,NN,compound,True,False,False,8,[u'network dns record-set caa list', u'network dns record-set caa update']
root,root,NOUN,NN,compound,True,False,True,3,[u'network vnet-gateway root-cert delete', u'network vnet-gateway root-cert create']
mx,mx,PROPN,NNP,compound,True,False,False,8,[u'network dns record-set mx remove-record', u'network dns record-set mx update']
history,history,NOUN,NN,ROOT,True,False,False,1,[u'reservations reservation list-history']
claim,claim,NOUN,NN,ROOT,True,False,False,1,[u'lab vm claim']
stream,stream,NOUN,NN,ROOT,True,False,False,1,[u'batchai job file stream']
lock,lock,NOUN,NN,compound,True,False,False,24,[u'lock list', u'resource lock delete']
share,share,NOUN,NN,compound,True,False,False,23,[u'storage share snapshot', u'storage share policy show']
agent,agent,NOUN,NN,compound,True,False,True,2,[u'batch pool node-agent-skus', u'batch pool node-agent-skus list']
autostorage,autostorage,NOUN,NN,compound,True,False,True,2,[u'batch account autostorage-keys sync', u'batch account autostorage-keys']
topic,topic,NOUN,NN,compound,True,False,False,40,[u'servicebus topic authorization-rule create', u'servicebus topic subscription rule update']
tag,tag,NOUN,NN,nsubj,True,False,False,8,[u'tag delete', u'tag create']
scheduling,scheduling,NOUN,NN,nsubj,True,False,False,3,[u'batch node scheduling enable', u'batch node scheduling disable']
bgp,bgp,NOUN,NN,compound,True,False,False,1,[u'network vnet-gateway list-bgp-peer-status']
https,https,NOUN,NN,dobj,True,False,False,2,[u'cdn custom-domain enable-https', u'cdn custom-domain disable-https']
verify,verify,VERB,VB,dobj,True,False,False,2,[u'iot dps certificate verify', u'iot hub certificate verify']
get,get,NOUN,NN,ROOT,True,False,False,24,[u'ams streaming locator get-paths', u'ad group get-member-groups']
namespace,namespace,NOUN,NN,nsubj,True,False,False,32,[u'servicebus namespace show', u'servicebus namespace authorization-rule keys']
feature,feature,VERB,VB,ROOT,True,False,False,4,[u'feature', u'feature show']
trusted,trusted,ADJ,JJ,amod,True,False,False,6,[u'dls account trusted-provider list', u'dls account trusted-provider show']
hop,hop,NOUN,NN,dobj,True,False,False,1,[u'network watcher show-next-hop']
reject,reject,VERB,VBP,ccomp,True,False,False,1,[u'iot device message reject']
config,config,NOUN,NN,compound,True,False,False,81,[u'webapp config backup list', u'network application-gateway waf-config set']
profile,profile,NOUN,NN,compound,True,False,False,29,[u'monitor autoscale profile list-timezones', u'cdn profile create']
credential,credential,NOUN,NN,compound,True,False,False,16,[u'ad sp credential list', u'ad sp credential reset']
fs,fs,INTJ,UH,nsubj,True,False,False,22,[u'dls fs join', u'dls fs show']
stop,stop,NOUN,NN,dobj,True,False,False,15,[u'network watcher packet-capture stop', u'dms stop']
lab,lab,NOUN,NN,compound,True,False,False,45,[u'lab artifact', u'lab secret']
rbac,rbac,NOUN,NN,pobj,True,False,True,1,[u'ad sp create-for-rbac']
connectivity,connectivity,NOUN,NN,ROOT,True,False,False,1,[u'network watcher test-connectivity']
catalog,catalog,NOUN,NN,compound,True,False,False,45,[u'dla catalog tvf', u'reservations catalog']
disable,disable,ADJ,JJ,ROOT,True,False,False,10,[u'advisor recommendation disable', u'batch node scheduling disable']
tier,tier,NOUN,NN,ROOT,True,False,False,1,[u'storage blob set-tier']
summarize,summarize,VERB,VBP,ROOT,True,False,False,1,[u'policy state summarize']
a,a,DET,DT,det,True,False,False,8,[u'network dns record-set a list', u'network dns record-set a show']
effective,effective,ADJ,JJ,amod,True,False,False,2,[u'network nic list-effective-nsg', u'network nic show-effective-route-table']
os,os,ADP,IN,prep,True,False,False,1,[u'batch pool os upgrade']
failover,failover,NOUN,NN,compound,True,False,False,1,[u'cosmosdb failover-priority-change']
register,register,NOUN,NN,ROOT,True,False,False,3,[u'provider register', u'feature register']
alias,alias,NOUN,NN,compound,True,False,False,32,[u'servicebus georecovery-alias authorization-rule list', u'sql server dns-alias']
geographic,geographic,ADJ,JJ,amod,True,False,False,1,[u'network traffic-manager endpoint show-geographic-hierarchy']
order,order,NOUN,NN,compound,True,False,False,5,[u'reservations reservation-order list', u'reservations reservation-order']
frontend,frontend,NOUN,NN,compound,True,False,False,18,[u'network lb frontend-ip update', u'network application-gateway frontend-port list']
feedback,feedback,NOUN,NN,ROOT,True,False,False,1,[u'feedback']
hierarchy,hierarchy,NOUN,NN,dobj,True,False,False,1,[u'network traffic-manager endpoint show-geographic-hierarchy']
ping,ping,NOUN,NN,ROOT,True,False,False,1,[u'acr webhook ping']
over,over,ADP,IN,prep,True,False,False,2,[u'servicebus georecovery-alias fail-over', u'eventhubs georecovery-alias fail-over']
move,move,NOUN,NN,ROOT,True,False,False,2,[u'resource move', u'dls fs move']
entity,entity,NOUN,NN,nsubj,True,False,False,7,[u'storage entity show', u'storage entity replace']
lb,lb,ADP,IN,compound,True,False,False,41,[u'network lb address-pool delete', u'network lb frontend-ip update']
monitor,monitor,VERB,VB,ROOT,True,False,False,81,[u'monitor autoscale profile list-timezones', u'monitor action-group delete']
late,late,ADJ,JJS,acomp,True,False,False,1,[u'vmss rolling-upgrade get-latest']
pend,pend,VERB,VBG,prep,True,False,False,4,[u'keyvault certificate pending delete', u'keyvault certificate pending merge']
restart,restart,NOUN,NN,ROOT,True,False,False,4,[u'vm restart', u'functionapp restart']
policy,policy,NOUN,NN,compound,True,False,False,103,[u'policy event list', u'policy state list']
auto,auto,NOUN,NN,compound,True,False,False,2,[u'webapp deployment slot auto-swap', u'batchai cluster auto-scale']
auth,auth,NOUN,NN,compound,True,False,False,14,[u'webapp auth show', u'network application-gateway auth-cert show']
break,break,NOUN,NN,ROOT,True,False,False,4,[u'eventhubs georecovery-alias break-pair', u'servicebus georecovery-alias break-pair']
subtask,subtask,NOUN,NN,ROOT,True,False,False,2,[u'batch task subtask', u'batch task subtask list']
dps,dps,NOUN,NN,ROOT,True,False,False,24,[u'iot dps update', u'iot dps linked-hub delete']
now,now,ADV,RB,advmod,True,False,False,1,[u'backup protection backup-now']
term,term,NOUN,NNS,dobj,True,False,False,1,[u'vm image accept-terms']
name,name,NOUN,NN,dobj,True,False,False,9,[u'dms project check-name', u'cosmosdb check-name-exists']
locator,locator,NOUN,NN,dobj,True,False,False,6,[u'ams streaming locator get-paths', u'ams streaming locator delete']
unregister,unregister,VERB,VB,ROOT,True,False,False,2,[u'cloud unregister', u'provider unregister']
parameter,parameter,NOUN,NNS,compound,True,False,False,1,[u'monitor autoscale-settings get-parameters-template']
functionapp,functionapp,ADJ,JJ,compound,True,False,True,42,[u'functionapp config ssl delete', u'functionapp identity show']
merge,merge,NOUN,NN,ROOT,True,False,False,3,[u'keyvault certificate pending merge', u'storage entity merge']
token,token,NOUN,NN,ROOT,True,False,False,3,[u'webapp deployment source update-token', u'account get-access-token']
domain,domain,NOUN,NN,nsubj,True,False,False,8,[u'cdn custom-domain delete', u'cdn custom-domain enable-https']
activate,activate,VERB,VB,ROOT,True,False,False,1,[u'batch application package activate']
map,map,NOUN,NN,compound,True,False,False,19,[u'network application-gateway url-path-map show', u'network application-gateway url-path-map rule delete']
operation,operation,NOUN,NN,ROOT,True,False,False,7,[u'group deployment operation', u'provider operation']
summary,summary,NOUN,NN,compound,True,False,False,5,[u'consumption reservation summary list', u'batch application summary']
event,event,NOUN,NN,compound,True,False,False,10,[u'policy event list', u'eventgrid event-subscription show']
predefined,predefined,ADJ,JJ,amod,True,False,False,2,[u'network application-gateway ssl-policy predefined show', u'network application-gateway ssl-policy predefined list']
subnet,subnet,NOUN,NN,ROOT,True,False,False,6,[u'network vnet subnet', u'network vnet subnet create']
rp,rp,X,XX,appos,True,False,False,2,[u'backup restore files unmount-rp', u'backup restore files mount-rp']
network,network,NOUN,NN,compound,True,False,False,424,[u'network vnet check-ip-address', u'network lb address-pool delete']
space,space,NOUN,NNS,dobj,True,False,False,2,[u'aks remove-dev-spaces', u'aks use-dev-spaces']
reboot,reboot,NOUN,NN,ROOT,True,False,False,2,[u'batch node reboot', u'redis force-reboot']
publish,publish,VERB,VBG,compound,True,False,False,2,[u'webapp deployment list-publishing-profiles', u'functionapp deployment list-publishing-profiles']
method,method,NOUN,NN,ROOT,True,False,False,1,[u'redis import-method']
health,health,NOUN,NN,ROOT,True,False,False,1,[u'network application-gateway show-backend-health']
nic,nic,ADJ,JJ,compound,True,False,False,31,[u'vmss nic list-vm-nics', u'vmss nic list-vm-nics']
formula,formula,NOUN,NN,nsubj,True,False,False,5,[u'lab formula delete', u'lab formula export-artifacts']
iot,iot,NOUN,NN,ROOT,True,False,False,74,[u'iot device message complete', u'iot dps update']
associate,associate,VERB,VBN,ROOT,True,False,False,1,[u'backup policy list-associated-items']
diagnostic,diagnostic,NOUN,NNS,dobj,True,False,False,19,[u'vmss diagnostics', u'monitor diagnostic-settings categories']
asg,asg,NOUN,NN,compound,True,False,False,6,[u'network asg list', u'network asg show']
collection,collection,NOUN,NN,compound,True,False,False,7,[u'cosmosdb collection update', u'cosmosdb collection delete']
advisor,advisor,NOUN,NN,compound,True,False,False,9,[u'advisor configuration update', u'advisor recommendation disable']
put,put,VERB,VBD,ROOT,True,False,False,1,[u'storage message put']
vmss,vmss,NOUN,NN,compound,True,False,True,53,[u'vmss list', u'vmss list-skus']
kubernete,kubernete,NOUN,NNS,nsubj,True,False,True,4,[u'acs kubernetes browse', u'acs kubernetes']
generate,generate,VERB,VBP,ROOT,True,False,False,10,[u'storage table generate-sas', u'storage file generate-sas']
log,log,NOUN,NN,compound,True,False,False,40,[u'monitor activity-log alert action-group remove', u'monitor activity-log list-categories']
definition,definition,NOUN,NN,compound,True,False,False,23,[u'managedapp definition show', u'policy definition']
managedapp,managedapp,NOUN,NN,compound,True,False,True,10,[u'managedapp definition show', u'managedapp definition list']
logging,logging,NOUN,NN,compound,True,False,False,3,[u'storage logging show', u'storage logging']
reactivate,reactivate,VERB,VBP,ROOT,True,False,False,1,[u'batch task reactivate']
route,route,NOUN,NN,dobj,True,False,False,57,[u'network express-route peering', u'network express-route wait']
midb,midb,NOUN,NN,nsubj,True,False,True,6,[u'sql midb delete', u'sql midb list']
filter,filter,NOUN,NN,compound,True,False,False,13,[u'network route-filter rule', u'network route-filter list']
renew,renew,NOUN,NN,ROOT,True,False,False,11,[u'storage blob lease renew', u'storage account keys renew']
cname,cname,NOUN,NN,nsubj,True,False,False,7,[u'network dns record-set cname create', u'network dns record-set cname set-record']
threat,threat,NOUN,NN,compound,True,False,False,3,[u'sql db threat-policy update', u'sql db threat-policy']
assign,assign,VERB,VBP,ROOT,True,False,False,4,[u'functionapp identity assign', u'vmss identity assign']
origin,origin,NOUN,NN,compound,True,False,False,3,[u'cdn origin show', u'cdn origin']
info,info,NOUN,NN,dobj,True,False,False,1,[u'vmss list-instance-connection-info']
primary,primary,NOUN,NN,dobj,True,False,False,1,[u'sql db replica set-primary']
owner,owner,NOUN,NN,ROOT,True,False,False,1,[u'dls fs access set-owner']
message,message,NOUN,NN,dobj,True,False,False,13,[u'iot device message complete', u'iot device message']
servicebus,servicebus,ADJ,JJ,amod,True,False,True,72,[u'servicebus topic authorization-rule create', u'servicebus namespace show']
open,open,ADJ,JJ,amod,True,False,False,1,[u'vm open-port']
predefin,predefin,VERB,VBD,ROOT,True,False,False,1,[u'network application-gateway ssl-policy predefined']
size,size,NOUN,NNS,ROOT,True,False,False,2,[u'vm list-sizes', u'vm availability-set list-sizes']
management,management,NOUN,NN,compound,True,False,False,9,[u'account management-group subscription add', u'account management-group create']
service,service,NOUN,NN,compound,True,False,False,10,[u'storage blob service-properties delete-policy update', u'network vnet list-endpoint-services']
priority,priority,NOUN,NN,compound,True,False,False,1,[u'cosmosdb failover-priority-change']
attach,attach,VERB,VBP,ROOT,True,False,False,4,[u'vm unmanaged-disk attach', u'vmss disk attach']
store,store,NOUN,NN,compound,True,False,False,5,[u'dla account data-lake-store list', u'dla account data-lake-store add']
lease,lease,NOUN,NN,compound,True,False,False,12,[u'storage container lease release', u'storage container lease']
option,option,NOUN,NNS,ROOT,True,False,False,2,[u'network application-gateway ssl-policy list-options', u'vm list-vm-resize-options']
hub,hub,NOUN,NN,dobj,True,False,False,38,[u'iot dps linked-hub delete', u'iot hub show-connection-string']
acquire,acquire,NOUN,NN,ROOT,True,False,False,2,[u'storage container lease acquire', u'storage blob lease acquire']
artifact,artifact,NOUN,NN,ROOT,True,False,False,7,[u'lab artifact', u'lab artifact-source']
cosmosdb,cosmosdb,ADJ,JJ,ROOT,True,False,True,25,[u'cosmosdb collection update', u'cosmosdb list-keys']
copy,copy,NOUN,NN,nsubj,True,False,False,13,[u'storage file copy start', u'storage blob copy start']
cli,cli,NOUN,NN,dobj,True,False,False,3,[u'acs dcos install-cli', u'aks install-cli']
project,project,NOUN,NN,compound,True,False,False,13,[u'dms project task show', u'dms project']
bind,bind,NOUN,NN,dobj,True,False,False,2,[u'webapp config ssl bind', u'functionapp config ssl bind']
schema,schema,NOUN,NN,ROOT,True,False,False,3,[u'dla catalog schema', u'dla catalog schema list']
interactive,interactive,ADJ,JJ,ROOT,True,False,False,1,[u'interactive']
sp,sp,PRON,PRP,nsubj,True,False,False,13,[u'ams account sp create', u'ad sp credential list']
container,container,NOUN,NN,compound,True,False,False,43,[u'storage container policy list', u'storage container show-permission']
sas,sas,PROPN,NNP,dobj,True,False,False,8,[u'storage table generate-sas', u'storage file generate-sas']
recover,recover,VERB,VBP,ROOT,True,False,False,4,[u'keyvault secret recover', u'keyvault key recover']
configure,configure,VERB,VBP,ROOT,True,False,False,3,[u'network watcher configure', u'network watcher flow-log configure']
contact,contact,NOUN,NN,nsubj,True,False,False,4,[u'keyvault certificate contact delete', u'keyvault certificate contact add']
instance,instance,NOUN,NNS,dobj,True,False,False,7,[u'vmss delete-instances', u'vmss list-instances']
client,client,NOUN,NN,ROOT,True,False,False,6,[u'network vnet-gateway vpn-client', u'network vnet-gateway vpn-client show-url']
build,build,NOUN,NN,ROOT,True,False,False,13,[u'acr build-task', u'acr build-task list-builds']
exec,exec,NOUN,NNS,ROOT,True,False,False,3,[u'batchai job node exec', u'container exec']
quota,quota,NOUN,NNS,compound,True,False,False,3,[u'batch location quotas show', u'batch location quotas']
plan,plan,NOUN,NN,ROOT,True,False,False,6,[u'appservice plan', u'appservice plan create']
pair,pair,NOUN,NN,dobj,True,False,False,2,[u'eventhubs georecovery-alias break-pair', u'servicebus georecovery-alias break-pair']
gallery,gallery,NOUN,NN,compound,True,False,False,2,[u'lab gallery-image list', u'lab gallery-image']
appservice,appservice,NOUN,NN,compound,True,False,True,8,[u'appservice plan', u'appservice plan create']
url,url,ADJ,JJ,compound,True,False,False,14,[u'network application-gateway url-path-map show', u'network application-gateway url-path-map rule delete']
clear,clear,ADJ,JJ,advmod,True,False,False,5,[u'account clear', u'storage cors clear']
partition,partition,NOUN,NN,compound,True,False,False,3,[u'dla catalog table-partition list', u'dla catalog table-partition show']
flow,flow,NOUN,NN,nsubj,True,False,False,4,[u'network watcher flow-log', u'network watcher flow-log show']
postgre,postgre,NOUN,NNS,compound,True,False,False,28,[u'postgres server configuration show', u'postgres']
vnet,vnet,NOUN,NN,compound,True,False,False,49,[u'network vnet check-ip-address', u'network vnet-gateway create']
snapshot,snapshot,NOUN,NN,ROOT,True,False,False,10,[u'storage share snapshot', u'snapshot show']
workspace,workspace,NOUN,NN,compound,True,False,False,5,[u'batchai workspace show', u'batchai workspace list']
sf,sf,NOUN,NN,amod,True,False,False,28,[u'sf cluster certificate', u'sf cluster']
consumer,consumer,NOUN,NN,compound,True,False,False,11,[u'iot hub consumer-group show', u'iot hub consumer-group']
show,show,NOUN,NN,compound,True,False,False,335,[u'acr show-usage', u'network public-ip show']
cdn,cdn,X,FW,compound,True,False,False,33,[u'cdn profile create', u'cdn endpoint list']
probe,probe,NOUN,NN,ROOT,True,False,False,12,[u'network application-gateway probe', u'network lb probe update']
terminate,terminate,VERB,VBP,ROOT,True,False,False,1,[u'batchai job terminate']
unmanaged,unmanaged,ADJ,JJ,amod,True,False,False,4,[u'vm unmanaged-disk attach', u'vm unmanaged-disk list']
dbs,dbs,NOUN,NN,ROOT,True,False,False,1,[u'sql elastic-pool list-dbs']
availability,availability,NOUN,NN,nsubj,True,False,False,8,[u'vm availability-set', u'vm availability-set list']
redirect,redirect,VERB,VB,ROOT,True,False,False,6,[u'network application-gateway redirect-config list', u'network application-gateway redirect-config']
upgrade,upgrade,NOUN,NN,compound,True,False,False,10,[u'vmss rolling-upgrade cancel', u'aks upgrade-connector']
georestore,georestore,ADJ,JJ,ROOT,True,False,True,2,[u'postgres server georestore', u'mysql server georestore']
only,only,ADV,RB,advmod,True,False,False,1,[u'cosmosdb list-read-only-keys']
version,version,NOUN,NNS,dobj,True,False,False,6,[u'keyvault key list-versions', u'keyvault secret list-versions']
local,local,ADJ,JJ,amod,True,False,False,9,[u'network local-gateway wait', u'network local-gateway update']
count,count,NOUN,NNS,compound,True,False,False,4,[u'batch pool node-counts list', u'batch job task-counts']
invoke,invoke,VERB,VB,ROOT,True,False,False,2,[u'resource invoke-action', u'vm run-command invoke']
permission,permission,NOUN,NN,ROOT,True,False,False,3,[u'storage container show-permission', u'dls fs access set-permission']
express,express,VERB,VBP,ROOT,True,False,False,22,[u'network express-route peering', u'network express-route wait']
db,db,NOUN,NN,compound,True,False,False,43,[u'sql db op list', u'mysql db show']
listener,listener,NOUN,NN,compound,True,False,False,6,[u'network application-gateway http-listener list', u'network application-gateway http-listener']
ssl,ssl,NOUN,NN,amod,True,False,False,25,[u'network application-gateway ssl-policy predefined show', u'network application-gateway ssl-cert delete']
ssh,ssh,NOUN,NN,dobj,True,False,False,1,[u'vm user reset-ssh']
dw,dw,PROPN,NNP,ROOT,True,False,False,8,[u'sql dw', u'sql dw update']
dp,dp,VERB,MD,ROOT,True,False,False,2,[u'iot dps delete', u'iot dps create']
resource,resource,NOUN,NN,nsubj,True,False,False,21,[u'resource invoke-action', u'resource lock delete']
remove,remove,NOUN,NN,ROOT,True,False,False,33,[u'vm secret remove', u'monitor activity-log alert action-group remove']
patch,patch,VERB,VB,compound,True,False,False,8,[u'redis patch-schedule patch-schedule show', u'redis patch-schedule patch-schedule show']
activity,activity,NOUN,NN,compound,True,False,False,16,[u'monitor activity-log alert action-group remove', u'monitor activity-log list-categories']
release,release,NOUN,NN,ROOT,True,False,False,4,[u'storage container lease release', u'storage blob lease release']
view,view,NOUN,NN,compound,True,False,False,6,[u'dla catalog view show', u'dla catalog view list']
arp,arp,NOUN,NN,compound,True,False,False,1,[u'network express-route list-arp-tables']
set,set,VERB,VBN,amod,True,False,False,144,[u'network dns record-set ptr create', u'vm availability-set']
packet,packet,NOUN,NN,compound,True,False,False,7,[u'network watcher packet-capture stop', u'network watcher packet-capture']
edition,edition,NOUN,NNS,ROOT,True,False,False,2,[u'sql elastic-pool list-editions', u'sql db list-editions']
fail,fail,VERB,VBP,ROOT,True,False,False,2,[u'servicebus georecovery-alias fail-over', u'eventhubs georecovery-alias fail-over']
arm,arm,NOUN,NN,compound,True,False,False,3,[u'lab arm-template show', u'lab arm-template list']
dla,dla,NOUN,NN,compound,True,False,False,85,[u'dla account blob-storage delete', u'dla account firewall update']
autoscale,autoscale,NOUN,NN,compound,True,False,False,28,[u'monitor autoscale profile list-timezones', u'batch pool autoscale evaluate']
dls,dls,NOUN,NN,compound,True,False,False,42,[u'dls fs join', u'dls fs show']
state,state,NOUN,NN,compound,True,False,False,3,[u'policy state list', u'policy state']
routing,routing,NOUN,NN,compound,True,False,False,4,[u'webapp traffic-routing show', u'webapp traffic-routing set']
import,import,NOUN,NN,ROOT,True,False,False,8,[u'network dns zone import', u'keyvault key import']
available,available,ADJ,JJ,ROOT,True,False,False,1,[u'extension list-available']
pricesheet,pricesheet,NOUN,NN,ROOT,True,False,True,2,[u'consumption pricesheet', u'consumption pricesheet show']
incident,incident,NOUN,NNS,dobj,True,False,False,2,[u'monitor alert list-incidents', u'monitor alert show-incident']
key,key,NOUN,NNS,ROOT,True,False,False,68,[u'servicebus namespace authorization-rule keys', u'eventhubs eventhub authorization-rule keys list']
group,group,NOUN,NN,compound,True,False,False,69,[u'group deployment wait', u'monitor action-group delete']
configuration,configuration,NOUN,NN,compound,True,False,False,12,[u'postgres server configuration show', u'advisor configuration update']
topology,topology,NOUN,NN,dobj,True,False,False,1,[u'network watcher show-topology']
cor,cor,NOUN,NNS,nsubj,True,False,False,4,[u'storage cors clear', u'storage cors add']
admin,admin,NOUN,NN,nsubj,True,False,False,9,[u'sql server ad-admin create', u'sql server ad-admin']
job,job,NOUN,NN,nsubj,True,False,False,66,[u'batch job create', u'batch job list']
connection,connection,NOUN,NN,compound,True,False,False,32,[u'network vpn-connection show', u'iot hub show-connection-string']
receiver,receiver,NOUN,NN,dobj,True,False,False,1,[u'monitor action-group enable-receiver']
vault,vault,NOUN,NN,compound,True,False,False,9,[u'backup vault show', u'backup vault backup-properties']
login,login,NOUN,NN,compound,True,False,False,5,[u'batch node remote-login-settings', u'batch node remote-login-settings show']
load,load,NOUN,NN,ROOT,True,False,False,1,[u'cdn endpoint load']
firewall,firewall,NOUN,NN,compound,True,False,False,30,[u'dla account firewall update', u'dla account firewall show']
period,period,NOUN,NN,compound,True,False,False,3,[u'billing period list', u'billing period show']
community,community,NOUN,NNS,ROOT,True,False,False,1,[u'network route-filter rule list-service-communities']
cd,cd,NOUN,NN,compound,True,False,False,1,[u'webapp deployment container show-cd-url']
webapp,webapp,X,FW,compound,True,False,False,80,[u'webapp config backup list', u'webapp traffic-routing show']
cancel,cancel,VERB,VB,ROOT,True,False,False,10,[u'sql db op cancel', u'vmss rolling-upgrade cancel']
table,table,NOUN,NN,nsubj,True,False,False,40,[u'storage table generate-sas', u'storage table policy']
backend,backend,NOUN,NN,compound,True,False,False,1,[u'network application-gateway show-backend-health']
-PRON-,-PRON-,PRON,PRP,ROOT,True,False,False,2,[u'reservations reservation-order-id', u'reservations reservation-order-id list']
billing,billing,NOUN,NN,compound,True,False,False,7,[u'billing invoice list', u'billing period list']
regenerate,regenerate,NOUN,NN,dobj,True,False,False,4,[u'eventgrid topic key regenerate', u'cognitiveservices account keys regenerate']
encryption,encryption,NOUN,NN,compound,True,False,False,8,[u'vm encryption show', u'vm encryption']
create,create,NOUN,NN,ROOT,True,False,False,208,[u'batch job create', u'network dns record-set ptr create']
secret,secret,ADJ,JJ,ROOT,True,False,False,24,[u'lab secret', u'vm secret remove']
maintenance,maintenance,NOUN,NN,dobj,True,False,False,2,[u'vmss perform-maintenance', u'vm perform-maintenance']
blob,blob,NOUN,NN,compound,True,False,False,43,[u'storage blob show', u'dla account blob-storage delete']
enable,enable,VERB,VBP,ROOT,True,False,False,12,[u'cdn custom-domain enable-https', u'batch node scheduling enable']
inbound,inbound,ADJ,JJ,amod,True,False,False,15,[u'network lb inbound-nat-rule list', u'network lb inbound-nat-pool']
external,external,ADJ,JJ,amod,True,False,False,5,[u'dla catalog external-data-source list', u'dla catalog external-data-source show']
cognitiveservice,cognitiveservice,NOUN,NNS,compound,True,False,True,11,[u'cognitiveservices account update', u'cognitiveservices list']
enrollment,enrollment,NOUN,NN,compound,True,False,False,3,[u'billing enrollment-account show', u'billing enrollment-account list']
bill,bill,VERB,VBG,compound,True,False,False,3,[u'billing enrollment-account show', u'billing enrollment-account list']
batch,batch,ADJ,JJ,amod,True,False,False,130,[u'batch job create', u'batch certificate']
value,value,NOUN,NN,ROOT,True,False,False,2,[u'tag remove-value', u'tag add-value']
undelete,undelete,ADJ,JJ,amod,True,False,False,1,[u'storage blob undelete']
reliability,reliability,NOUN,NN,compound,True,False,False,2,[u'sf cluster reliability update', u'sf cluster reliability']
property,property,NOUN,NNS,nsubj,True,False,False,8,[u'storage blob service-properties delete-policy update', u'backup vault backup-properties']
procedure,procedure,NOUN,NN,compound,True,False,False,3,[u'dla catalog procedure list', u'dla catalog procedure show']
rename,rename,NOUN,NN,ROOT,True,False,False,1,[u'sql db rename']
would,would,VERB,MD,dep,True,False,False,2,[u'reservations reservation-order-id', u'reservations reservation-order-id list']
ip,ip,NOUN,NN,compound,True,False,False,36,[u'network vnet check-ip-address', u'network public-ip show']
metric,metric,NOUN,NNS,nsubj,True,False,False,9,[u'storage metrics show', u'monitor metrics list-definitions']
vm,vm,PROPN,NNP,compound,True,False,False,104,[u'vm show', u'vm availability-set']
cluster,cluster,NOUN,NN,ROOT,True,False,False,36,[u'batchai cluster', u'sf cluster certificate']
conn,conn,NOUN,NN,compound,True,False,False,3,[u'sql server conn-policy show', u'sql server conn-policy update']
capture,capture,NOUN,NN,ROOT,True,False,False,8,[u'network watcher packet-capture stop', u'network watcher packet-capture']
unmount,unmount,X,XX,compound,True,False,False,1,[u'backup restore files unmount-rp']
grant,grant,NOUN,NN,compound,True,False,False,2,[u'disk grant-access', u'snapshot grant-access']
perform,perform,VERB,VBP,ROOT,True,False,False,2,[u'vmss perform-maintenance', u'vm perform-maintenance']
hostname,hostname,NOUN,NN,nsubj,True,False,False,10,[u'functionapp config hostname add', u'functionapp config hostname delete']
member,member,NOUN,NN,ROOT,True,False,False,6,[u'ad group member', u'ad group get-member-groups']
split,split,VERB,VBD,ROOT,True,False,False,1,[u'reservations reservation split']
status,status,NOUN,NN,dobj,True,False,False,5,[u'dms check-status', u'network vnet-gateway list-bgp-peer-status']
http,http,NOUN,NN,compound,True,False,False,12,[u'network application-gateway http-listener list', u'network application-gateway http-listener']
assignment,assignment,NOUN,NN,compound,True,False,False,10,[u'policy assignment list', u'policy assignment']
keyvault,keyvault,NOUN,NN,compound,True,False,True,71,[u'keyvault list-deleted', u'keyvault certificate show']
alert,alert,NOUN,NN,compound,True,False,False,20,[u'monitor alert update', u'monitor activity-log alert action-group remove']
eventgrid,eventgrid,VERB,VBN,amod,True,False,True,20,[u'eventgrid topic-type show', u'eventgrid event-subscription show']
user,user,NOUN,NN,nsubj,True,False,False,19,[u'batch node user create', u'ad user delete']
validate,validate,VERB,VBP,ROOT,True,False,False,2,[u'cdn endpoint validate-custom-domain', u'group deployment validate']
identity,identity,NOUN,NN,compound,True,False,False,20,[u'functionapp identity show', u'webapp identity show']
audit,audit,NOUN,NN,compound,True,False,False,3,[u'sql db audit-policy', u'sql db audit-policy update']
georecovery,georecovery,NOUN,NN,ROOT,True,False,True,26,[u'servicebus georecovery-alias authorization-rule list', u'servicebus georecovery-alias exists']
task,task,NOUN,NN,compound,True,False,False,34,[u'dms project task show', u'batch task delete']
database,database,NOUN,NN,dobj,True,False,False,9,[u'dla catalog database', u'cosmosdb database create']
edge,edge,NOUN,NN,compound,True,False,False,2,[u'cdn edge-node', u'cdn edge-node list']
command,command,NOUN,NN,nsubj,True,False,False,4,[u'vm run-command invoke', u'vm run-command show']
entry,entry,NOUN,NN,ROOT,True,False,False,2,[u'dls fs access remove-entry', u'dls fs access set-entry']
restore,restore,VERB,VBP,compound,True,False,False,13,[u'backup restore restore-disks', u'backup restore restore-disks']
boot,boot,NOUN,NN,compound,True,False,False,5,[u'vm boot-diagnostics get-boot-log', u'vm boot-diagnostics get-boot-log']
reimage,reimage,NOUN,NN,ROOT,True,False,False,2,[u'batch node reimage', u'vmss reimage']
mysql,mysql,NOUN,NNS,compound,True,False,False,28,[u'mysql db show', u'mysql']
sku,sku,NOUN,NNS,dobj,True,False,False,8,[u'vmss list-skus', u'batch pool node-agent-skus']
detach,detach,NOUN,NN,ROOT,True,False,False,3,[u'vm disk detach', u'vmss disk detach']
lake,lake,NOUN,NN,compound,True,False,False,5,[u'dla account data-lake-store list', u'dla account data-lake-store add']
desktop,desktop,NOUN,NN,ROOT,True,False,False,2,[u'batch node remote-desktop', u'batch node remote-desktop download']
source,source,NOUN,NN,ROOT,True,False,False,22,[u'lab artifact-source', u'webapp deployment source update-token']
add,add,VERB,VB,ROOT,True,False,False,34,[u'sf cluster node-type add', u'extension add']
location,location,NOUN,NNS,dobj,True,False,False,7,[u'functionapp list-consumption-locations', u'account list-locations']
usage,usage,NOUN,NN,ROOT,True,False,False,15,[u'acr show-usage', u'network list-usages']
format,format,NOUN,NN,ROOT,True,False,False,1,[u'vm secret format']
read,read,VERB,VBD,ROOT,True,False,False,1,[u'cosmosdb list-read-only-keys']
evaluate,evaluate,NOUN,NN,ROOT,True,False,False,1,[u'batch pool autoscale evaluate']
traffic,traffic,NOUN,NN,compound,True,False,False,19,[u'webapp traffic-routing show', u'network traffic-manager endpoint list']
deployment,deployment,NOUN,NN,compound,True,False,False,46,[u'webapp deployment slot auto-swap', u'group deployment wait']
ams,ams,DET,DT,ROOT,True,False,False,40,[u'ams asset delete', u'ams account sp create']
ipsec,ipsec,NOUN,NN,compound,True,False,False,4,[u'network vpn-connection ipsec-policy', u'network vpn-connection ipsec-policy list']
insert,insert,NOUN,NN,ROOT,True,False,False,1,[u'storage entity insert']
changelog,changelog,NOUN,NNS,ROOT,True,False,False,1,[u'role assignment list-changelogs']
server,server,NOUN,NN,nmod,True,False,False,90,[u'sql server dns-alias', u'postgres server configuration show']
output,output,NOUN,NN,dobj,True,False,False,3,[u'ams transform output', u'ams transform output remove']
security,security,NOUN,NN,compound,True,False,False,1,[u'network watcher show-security-group-view']
streaming,streaming,NOUN,NN,ROOT,True,False,False,16,[u'ams streaming policy list', u'ams streaming policy']
export,export,NOUN,NN,compound,True,False,False,8,[u'lab formula export-artifacts', u'iot device export']
invoice,invoice,NOUN,NN,compound,True,False,False,3,[u'billing invoice list', u'billing invoice']
recommendation,recommendation,NOUN,NN,nsubj,True,False,False,4,[u'advisor recommendation disable', u'advisor recommendation list']
advertise,advertise,VERB,VBN,ROOT,True,False,False,1,[u'network vnet-gateway list-advertised-routes']
tvf,tvf,NOUN,NN,dobj,True,False,True,3,[u'dla catalog tvf', u'dla catalog tvf show']
scale,scale,NOUN,NN,ROOT,True,False,False,4,[u'vmss scale', u'acs scale']
for,for,ADP,IN,prep,True,False,False,3,[u'backup protection enable-for-vm', u'ad sp create-for-rbac']
redis,redis,X,FW,compound,True,False,False,13,[u'redis patch-schedule patch-schedule show', u'redis patch-schedule show']
provider,provider,NOUN,NN,nsubj,True,False,False,15,[u'provider register', u'provider operation']
deallocate,deallocate,ADJ,JJ,ROOT,True,False,False,2,[u'vm deallocate', u'vmss deallocate']
manifest,manifest,VERB,VBZ,ROOT,True,False,False,1,[u'acr repository show-manifests']
peek,peek,ADJ,JJ,ROOT,True,False,False,1,[u'storage message peek']
assembly,assembly,NOUN,NN,ROOT,True,False,False,3,[u'dla catalog assembly', u'dla catalog assembly show']
repository,repository,NOUN,NN,nsubj,True,False,False,6,[u'acr repository delete', u'acr repository list']
schedule,schedule,NOUN,NN,compound,True,False,False,18,[u'redis patch-schedule patch-schedule show', u'redis patch-schedule patch-schedule show']
tde,tde,PROPN,NNP,ROOT,True,False,False,7,[u'sql server tde-key set', u'sql server tde-key show']
expiry,expiry,NOUN,NN,dobj,True,False,False,2,[u'dls fs remove-expiry', u'dls fs set-expiry']
peer,peer,VERB,VBG,advcl,True,False,False,11,[u'network express-route peering', u'network express-route peering delete']
pipeline,pipeline,NOUN,NN,ROOT,True,False,False,3,[u'dla job pipeline', u'dla job pipeline show']
certificate,certificate,NOUN,NN,ROOT,True,False,False,61,[u'batch certificate', u'sf cluster certificate']
extension,extension,NOUN,NN,compound,True,False,False,27,[u'vmss extension set', u'extension list']
package,package,NOUN,NN,ROOT,True,False,False,8,[u'batch application package', u'dla catalog package show']
o,o,NOUN,NNS,ROOT,True,False,False,1,[u'batch pool os']
acs,acs,X,FW,compound,True,False,False,16,[u'acs kubernetes browse', u'acs list-locations']
acr,acr,NOUN,NN,compound,True,False,False,45,[u'acr replication delete', u'acr show-usage']
srv,srv,PROPN,NNP,compound,True,False,False,8,[u'network dns record-set srv show', u'network dns record-set srv create']
runtime,runtime,NOUN,NNS,ROOT,True,False,False,1,[u'webapp list-runtimes']
backup,backup,NOUN,NN,compound,True,False,False,53,[u'webapp config backup list', u'backup policy list']
op,op,NOUN,NN,compound,True,False,False,6,[u'sql db op list', u'sql db op cancel']
soa,soa,NOUN,NN,compound,True,False,False,3,[u'network dns record-set soa update', u'network dns record-set soa show']
image,image,NOUN,NN,compound,True,False,False,29,[u'vm image list-publishers', u'vm extension image show']
nsg,nsg,NOUN,NN,compound,True,False,True,13,[u'network nsg rule delete', u'network nsg rule create']
device,device,NOUN,NN,compound,True,False,False,15,[u'iot device message complete', u'iot device message']
troubleshooting,troubleshooting,NOUN,NN,ROOT,True,False,False,3,[u'network watcher troubleshooting', u'network watcher troubleshooting show']
git,git,NOUN,NN,dobj,True,False,False,2,[u'functionapp deployment source config-local-git', u'webapp deployment source config-local-git']
batchai,batchai,ADJ,JJ,compound,True,False,True,42,[u'batchai cluster', u'batchai job list']
elastic,elastic,ADJ,JJ,amod,True,False,False,11,[u'sql elastic-pool create', u'sql elastic-pool op']
waf,waf,NOUN,NN,compound,True,False,False,4,[u'network application-gateway waf-config set', u'network application-gateway waf-config']
durability,durability,NOUN,NN,ROOT,True,False,False,2,[u'sf cluster durability', u'sf cluster durability update']
transform,transform,NOUN,NN,ROOT,True,False,False,9,[u'ams transform list', u'ams transform']
submit,submit,VERB,VBP,ROOT,True,False,False,1,[u'dla job submit']
custom,custom,NOUN,NN,compound,True,False,False,13,[u'cdn custom-domain delete', u'cdn custom-domain enable-https']
start,start,NOUN,NN,ROOT,True,False,False,18,[u'storage file copy start', u'functionapp start']
zip,zip,NOUN,NN,ROOT,True,False,False,2,[u'webapp deployment source config-zip', u'functionapp deployment source config-zip']
complete,complete,ADJ,JJ,acomp,True,False,False,1,[u'iot device message complete']
offer,offer,VERB,VBZ,ROOT,True,False,False,1,[u'vm image list-offers']
link,link,VERB,VBN,amod,True,False,False,14,[u'iot dps linked-hub delete', u'sql db replica delete-link']
untag,untag,NOUN,NN,ROOT,True,False,False,1,[u'acr repository untag']
reset,reset,NOUN,NN,ROOT,True,False,False,10,[u'batch job reset', u'ad sp credential reset']
compute,compute,NOUN,NN,compound,True,False,False,6,[u'dla account compute-policy show', u'dla account compute-policy']
default,default,NOUN,NN,compound,True,False,False,4,[u'keyvault certificate get-default-policy', u'vm diagnostics get-default-config']
record,record,NOUN,NN,compound,True,False,False,94,[u'network dns record-set ptr create', u'network dns record-set cname create']
dms,dms,NOUN,NN,compound,True,False,False,24,[u'dms project task show', u'dms project']
verification,verification,NOUN,NN,compound,True,False,False,2,[u'iot hub certificate generate-verification-code', u'iot dps certificate generate-verification-code']
delete,delete,ADJ,JJ,ROOT,True,False,False,255,[u'network lb address-pool delete', u'acr replication delete']
marketplace,marketplace,NOUN,NN,compound,True,False,False,2,[u'consumption marketplace list', u'consumption marketplace']
ad,ad,NOUN,NN,compound,True,False,False,38,[u'ad group member', u'ad group create']
ak,ak,NOUN,NNS,compound,True,False,False,11,[u'aks list', u'aks get-upgrades']
statistic,statistic,NOUN,NNS,dobj,True,False,False,4,[u'batch job all-statistics', u'batch job all-statistics show']
am,am,NOUN,NNS,nsubj,True,False,False,11,[u'ams transform', u'ams transform output']
watcher,watcher,NOUN,NN,compound,True,False,False,29,[u'network watcher packet-capture stop', u'network watcher troubleshooting']
ddos,ddos,NOUN,NN,compound,True,False,False,6,[u'network ddos-protection show', u'network ddos-protection list']
replica,replica,NOUN,NN,nsubj,True,False,False,5,[u'sql db replica delete-link', u'sql db replica create']
exist,exist,VERB,VBZ,ROOT,True,False,False,16,[u'servicebus namespace exists', u'eventhubs namespace exists']
file,file,NOUN,NN,nsubj,True,False,False,44,[u'storage file generate-sas', u'storage file copy start']
timezone,timezone,NOUN,NNS,dobj,True,False,False,1,[u'monitor autoscale profile list-timezones']
check,check,NOUN,NN,ROOT,True,False,False,11,[u'network vnet check-ip-address', u'dms check-status']
storage,storage,NOUN,NN,compound,True,False,False,190,[u'storage queue metadata update', u'storage blob show']
detail,detail,NOUN,NN,ROOT,True,False,False,2,[u'consumption reservation detail', u'consumption reservation detail list']
application,application,NOUN,NN,compound,True,False,False,107,[u'network application-gateway waf-config set', u'batch application']
setting,setting,NOUN,NNS,compound,True,False,False,25,[u'monitor diagnostic-settings categories', u'batch node remote-login-settings']
role,role,NOUN,NN,compound,True,False,False,11,[u'role definition list', u'role definition update']
nat,nat,NOUN,NN,compound,True,False,False,15,[u'network lb inbound-nat-rule list', u'network lb inbound-nat-pool']
test,test,NOUN,NN,ROOT,True,False,False,3,[u'dls fs test', u'network watcher test-connectivity']
ns,ns,PRON,PRP,intj,True,False,False,8,[u'network dns record-set ns create', u'network dns record-set ns remove-record']
node,node,NOUN,NN,compound,True,False,False,41,[u'sf cluster node-type add', u'batch node remote-desktop']
category,category,NOUN,NNS,dobj,True,False,False,4,[u'monitor diagnostic-settings categories', u'monitor activity-log list-categories']
stat,stat,NOUN,NNS,ROOT,True,False,False,8,[u'storage share stats', u'storage queue stats']
update,update,NOUN,NN,ROOT,True,False,False,169,[u'storage queue metadata update', u'iot dps update']
sql,sql,NOUN,NN,compound,True,False,False,108,[u'sql midb delete', u'sql server dns-alias']
rolling,rolling,ADJ,JJ,amod,True,False,False,4,[u'vmss rolling-upgrade cancel', u'vmss rolling-upgrade start']
reservation,reservation,NOUN,NNS,compound,True,False,False,32,[u'reservations catalog', u'reservations catalog show']
pool,pool,NOUN,NN,nsubj,True,False,False,53,[u'network lb address-pool delete', u'batch pool autoscale evaluate']
unbind,unbind,NOUN,NN,dobj,True,False,False,2,[u'webapp config ssl unbind', u'functionapp config ssl unbind']
remote,remote,ADJ,JJ,amod,True,False,False,4,[u'batch node remote-desktop', u'batch node remote-login-settings']
rule,rule,NOUN,NN,nsubj,True,False,False,132,[u'network nsg rule delete', u'servicebus topic authorization-rule create']
directory,directory,NOUN,NN,nsubj,True,False,False,9,[u'storage directory create', u'storage directory list']
receive,receive,ADJ,JJ,ccomp,True,False,False,1,[u'iot device message receive']
