text, lemma_, pos_, tag_, dep_, is_alpha, is_stop, isOov, count, samples,,,,,,,,,,,,,,,,,,,,,
servicebus,servicebus,ADJ,JJ,amod,True,False,True,82,[u'servicebus topic authorization-rule create', u'servicebus namespace show'],,,,,,,,,,,,,,,,,,,,
vmss,vmss,NOUN,NN,compound,True,False,True,80,[u'vmss list', u'List VMSS.'],,,,,,,,,,,,,,,,,,,,
keyvault,keyvault,NOUN,NN,compound,True,False,True,76,[u'keyvault list-deleted', u'keyvault certificate show'],,,,,,,,,,,,,,,,,,,,
batchai,batchai,ADJ,JJ,compound,True,False,True,44,[u'batchai cluster', u'batchai job list'],,,,,,,,,,,,,,,,,,,,
functionapp,functionapp,ADJ,JJ,compound,True,False,True,43,[u'functionapp config ssl delete', u'functionapp identity show'],,,,,,,,,,,,,,,,,,,,
authorizationrule,authorizationrule,PROPN,NNP,pobj,True,False,True,40,[u'Shows the connection strings of Authorizationrule for the Eventhub.', u'Shows the connection strings of Authorizationrule for the eventhub.'],,,,,,,,,,,,,,,,,,,,
expressroute,expressroute,PROPN,NNP,dobj,True,False,True,36,[u'Manage ExpressRoute peering of an ExpressRoute circuit.', u'Manage ExpressRoute peering of an ExpressRoute circuit.'],,,,,,,,,,,,,,,,,,,,
kubernetes,kubernetes,PROPN,NNP,compound,True,False,True,31,[u'Manage Azure Kubernetes Services.', u'Show the dashboard for a Kubernetes cluster in a web browser.'],,,,,,,,,,,,,,,,,,,,
id,id,PROPN,NNP,dobj,True,False,True,28,[u'Get latest policy states for a resource using resource ID.', u'Copies a file asynchronously. This operation returns a copy operation  properties object, including a copy ID you can use to check or abort the  copy operation. The File service copies files on a best-effort basis.  If the destination file exists, it will be overwritten. The destination  file cannot be modified while the copy operation is in progress.'],,,,,,,,,,,,,,,,,,
georecovery,georecovery,NOUN,NN,ROOT,True,False,True,26,[u'servicebus georecovery-alias authorization-rule list', u'servicebus georecovery-alias exists'],,,,,,,,,,,,,,,,,,,,
nsg,nsg,NOUN,NN,compound,True,False,True,26,[u'network nsg rule delete', u'network nsg rule create'],,,,,,,,,,,,,,,,,,,,
cosmosdb,cosmosdb,ADJ,JJ,ROOT,True,False,True,25,[u'cosmosdb collection update', u'cosmosdb list-keys'],,,,,,,,,,,,,,,,,,,,
testsvr,testsvr,NOUN,NN,advmod,True,False,True,20,"[u""Show database 'testdb' in the server 'testsvr'."""," u""Restore 'testsvr' as 'testsvrnew'.""]",,,,,,,,,,,,,,,,,,,,
eventgrid,eventgrid,VERB,VBN,amod,True,False,True,20,[u'eventgrid topic-type show', u'eventgrid event-subscription show'],,,,,,,,,,,,,,,,,,,,
devtest,devtest,PROPN,NNP,compound,True,False,True,15,[u'Manage DevTest Labs artifacts.', u'Manage secrets of an Azure DevTest Lab.'],,,,,,,,,,,,,,,,,,,,
consumergroup,consumergroup,NOUN,NNS,nmod,True,False,True,12,[u'Manage Azure Event Hubs namespaces, eventhubs, consumergroups and geo recovery configurations - Alias', u'Updates the EventHub ConsumerGroup'],,,,,,,,,,,,,,,,,,
cognitiveservice,cognitiveservice,NOUN,NNS,compound,True,False,True,11,[u'cognitiveservices account update', u'cognitiveservices list'],,,,,,,,,,,,,,,,,,,,
managedapp,managedapp,NOUN,NN,compound,True,False,True,10,[u'managedapp definition show', u'managedapp definition list'],,,,,,,,,,,,,,,,,,,,
root,root,NOUN,NN,compound,True,False,True,8,[u'network vnet-gateway root-cert delete', u'Delete a root certificate.'],,,,,,,,,,,,,,,,,,,,
appservice,appservice,NOUN,NN,compound,True,False,True,8,[u'appservice plan', u'appservice plan create'],,,,,,,,,,,,,,,,,,,,
mycertificate,mycertificate,PROPN,NNP,pobj,True,False,True,8,[u'Generates a verification code for MyCertificate', u'Deletes MyCertificate'],,,,,,,,,,,,,,,,,,,,
appsetting,appsetting,NOUN,NNS,nsubj,True,False,True,8,[u'functionapp config appsettings set', u'webapp config appsettings delete'],,,,,,,,,,,,,,,,,,,,
number,number,NOUN,NN,dobj,True,False,True,7,[u'Get number of latest policy states in current subscription.', u'List the number of network resources in a region that are used against a subscription quota.'],,,,,,,,,,,,,,,,,,,,
deallocate,deallocate,PROPN,NNP,nsubj,True,False,True,7,[u'Deallocate, generalize, and capture a stopped virtual machine.', u'vm deallocate'],,,,,,,,,,,,,,,,,,
mydps,mydps,PROPN,NNP,appos,True,False,True,6,"[u""Update Allocation Policy to 'GeoLatency' of an Azure IoT Hub device provisioning service 'MyDps'"""," u""Show details of an Azure IoT Hub device provisioning service 'MyDps'""]",,,,,,,,,,,,,,,,,,,,
georestore,georestore,ADJ,JJ,ROOT,True,False,True,6,[u'postgres server georestore', u'Georestore a server from backup.'],,,,,,,,,,,,,,,,,,,,
testdb,testdb,NOUN,NN,ROOT,True,False,True,6,"[u""Show database 'testdb' in the server 'testsvr'."""," u""Delete database 'testdb' in the server 'testsvr'.""]",,,,,,,,,,,,,,,,,,,,
midb,midb,NOUN,NN,nsubj,True,False,True,6,[u'sql midb delete', u'sql midb list'],,,,,,,,,,,,,,,,,,,,
scaleset,scaleset,NOUN,NN,pobj,True,False,True,6,[u'(PREVIEW) Remove user assigned identities from a VM scaleset.', u'Remove 2 identities which are in the same resource group with the VM scaleset'],,,,,,,,,,,,,,,,,,,,
testsvrnew,testsvrnew,NOUN,NN,pobj,True,False,True,6,"[u""Restore 'testsvr' as 'testsvrnew'."""," u""Georestore 'testsvr' as 'testsvrnew' where 'testsvrnew' is in same resource group as 'testsvr'.""]",,,,,,,,,,,,,,,,,,,,
agent,agent,NOUN,NN,compound,True,False,True,5,[u'batch pool node-agent-skus', u'Retrieve node agent SKUs of Batch pools using a Virtual Machine Configuration.'],,,,,,,,,,,,,,,,,,,,
ipv,ipv,PROPN,NNP,dobj,True,False,True,4,[u'Add IPv6 Microsoft Peering settings to existing IPv4 config.', u'Add IPv6 Microsoft Peering settings to existing IPv4 config.'],,,,,,,,,,,,,,,,,,,,
kubernete,kubernete,NOUN,NNS,nsubj,True,False,True,4,[u'acs kubernetes browse', u'acs kubernetes'],,,,,,,,,,,,,,,,,,,,
namepsace,namepsace,PROPN,NNP,pobj,True,False,True,3,[u'List the Topic by Service Bus Namepsace', u'List the EventHub by Namepsace'],,,,,,,,,,,,,,,,,,,,
mypolicy,mypolicy,PROPN,NNP,ROOT,True,False,True,3,"[u""Update access policy 'MyPolicy' in an Azure IoT Hub device provisioning service with EnrollmentWrite right"""," u""Delete shared access policy 'MyPolicy' in an Azure IoT Hub device provisioning service""]",,,,,,,,,,,,,,,,,,,,
tvf,tvf,NOUN,NN,dobj,True,False,True,3,[u'dla catalog tvf', u'dla catalog tvf show'],,,,,,,,,,,,,,,,,,,,
recoverypoint,recoverypoint,NOUN,NN,compound,True,False,True,3,[u'backup recoverypoint list', u'backup recoverypoint'],,,,,,,,,,,,,,,,,,,,
myvm,myvm,PROPN,NNP,oprd,True,False,True,3,"[u""Show a virtual machine resource named 'MyVm'."""," u""Delete a virtual machine named 'MyVm'.""]",,,,,,,,,,,,,,,,,,,,
deprecated,deprecated,PROPN,NNP,compound,True,False,True,3,[u'(DEPRECATED) Import data into a Redis cache.', u'(DEPRECATED) Update the settings of a Redis cache.'],,,,,,,,,,,,,,,,,,,,
dco,dco,NOUN,NNS,nsubj,True,False,True,3,[u'acs dcos install-cli', u'acs dcos browse'],,,,,,,,,,,,,,,,,,,,
autostorage,autostorage,NOUN,NN,compound,True,False,True,2,[u'batch account autostorage-keys sync', u'batch account autostorage-keys'],,,,,,,,,,,,,,,,,,,,
aliasdisaster,aliasdisaster,PROPN,NNP,compound,True,False,True,2,[u'Gets all Alias(Disaster Recovery configurations).', u'Gets all Alias(Disaster Recovery configurations).'],,,,,,,,,,,,,,,,,,,,
disabletask,disabletask,NOUN,NNS,compound,True,False,True,2,[u'Disables the specified job, preventing new tasks from running.  The Batch Service immediately moves the job to the disabling state. Batch then uses the disableTasks parameter to determine what to do with the currently running tasks of the job. The job remains in the disabling state until the disable operation is completed and all tasks have been dealt with according to the disableTasks option, the job then moves to the disabled state. No new tasks are started under the job until it moves back to active state. If you try to disable a job that is in any state other than active, disabling, or disabled, the request fails with status code 409.', u'Disables the specified job, preventing new tasks from running.  The Batch Service immediately moves the job to the disabling state. Batch then uses the disableTasks parameter to determine what to do with the currently running tasks of the job. The job remains in the disabling state until the disable operation is completed and all tasks have been dealt with according to the disableTasks option, the job then moves to the disabled state. No new tasks are started under the job until it moves back to active state. If you try to disable a job that is in any state other than active, disabling, or disabled, the request fails with status code 409.'],,,,,,,,,,
reinstall,reinstall,NOUN,NNS,ROOT,True,False,True,2,[u'Reinstalls the operating system on the specified compute node.  You can reinstall the operating system on a node only if it is in an idle or running state. This API can be invoked only on pools created with the cloud service configuration property.', u'Reinstalls the operating system on the specified compute node.  You can reinstall the operating system on a node only if it is in an idle or running state. This API can be invoked only on pools created with the cloud service configuration property.'],,,,,,,,,,,,,,,,,,,,
linkid,linkid,PROPN,NNP,dep,True,False,True,2,[u'Delete link {LinkID}'," u'Update the notes for {LinkID} notes ""some notes to explain this link""']",,,,,,,,,,,,,,,,,,,,
currentosversion,currentosversion,NOUN,NN,punct,True,False,True,2,"[u""Upgrades the operating system of the specified pool.  During an upgrade", the Batch service upgrades each compute node in the pool. When a compute node is chosen for upgrade, any tasks running on that node are removed from the node and returned to the queue to be rerun later (or on a different compute node). The node will be unavailable until the upgrade is complete. This operation results in temporarily reduced pool capacity as nodes are taken out of service to be upgraded. Although the Batch service tries to avoid upgrading all compute nodes at the same time, it does not guarantee to do this (particularly on small pools), therefore, the pool may be temporarily unavailable to run tasks. When this operation runs, the pool state changes to upgrading. When all compute nodes have finished upgrading, the pool state returns to active. While the upgrade is in progress, the pool's currentOSVersion reflects the OS version that nodes are upgrading from, and targetOSVersion reflects the OS version that nodes are upgrading to. Once the upgrade is complete," currentOSVersion is updated to reflect the OS version now running on all nodes. This operation can only be invoked on pools created with the cloudServiceConfiguration property."""," u""Upgrades the operating system of the specified pool.  During an upgrade", the Batch service upgrades each compute node in the pool. When a compute node is chosen for upgrade, any tasks running on that node are removed from the node and returned to the queue to be rerun later (or on a different compute node). The node will be unavailable until the upgrade is complete. This operation results in temporarily reduced pool capacity as nodes are taken out of service to be upgraded. Although the Batch service tries to avoid upgrading all compute nodes at the same time, it does not guarantee to do this (particularly on small pools), therefore, the pool may be temporarily unavailable to run tasks. When this operation runs, the pool state changes to upgrading. When all compute nodes have finished upgrading, the pool state returns to active. While the upgrade is in progress, the pool's currentOSVersion reflects the OS version that nodes are upgrading from, and targetOSVersion reflects the OS version that nodes are upgrading to. Once the upgrade is complete," currentOSVersion is updated to reflect the OS version now running on all nodes. This operation can only be invoked on pools created with the cloudServiceConfiguration property.""]"
blobservice,blobservice,PROPN,NNP,pobj,True,False,True,2,[u'Generates a shared access signature for the blob. Use the returned signature with the sas_token parameter of any BlobService.', u'Generates a shared access signature for the container. Use the returned signature with the sas_token parameter of any BlobService.'],,,,,,,,,,,,,,,,,,,,
myauthorule,myauthorule,NOUN,NN,ROOT,True,False,True,2,"[u""Updates Authorization Rule 'myauthorule' for the given Service Bus Namespace 'mynamepsace' in resourcegroup"""," u""Create Authorization Rule 'myauthorule' for the given Service Bus Namespace 'mynamepsace' in resourcegroup""]",,,,,,,,,,,,,,,,,,,,
poolallocationmode,poolallocationmode,NOUN,NN,pobj,True,False,True,2,"[u""Gets the account keys for the specified Batch account.  This operation applies only to Batch accounts created with a poolAllocationMode of 'BatchService'. If the Batch account was created with a poolAllocationMode of 'UserSubscription'", clients cannot use access to keys to authenticate, and must use Azure Active Directory instead. In this case," getting the keys will fail."""," u""Gets the account keys for the specified Batch account.  This operation applies only to Batch accounts created with a poolAllocationMode of 'BatchService'. If the Batch account was created with a poolAllocationMode of 'UserSubscription'", clients cannot use access to keys to authenticate, and must use Azure Active Directory instead. In this case," getting the keys will fail.""]",,,,,,,,,,,,,,
functionapps,functionapps,NOUN,NN,nsubj,True,False,True,2,"[u""(PREVIEW) display functionapp's managed service identity"""," u""(PREVIEW) manage functionapp's managed service identity""]",,,,,,,,,,,,,,,,,,,,
prep,prep,NOUN,NN,compound,True,False,True,2,[u'batch job prep-release-status', u'batch job prep-release-status list'],,,,,,,,,,,,,,,,,,,,
deprecate,deprecate,VERB,VBN,compound,True,False,True,2,[u'(DEPRECATED) Manage autoscale settings.'," u""This group is deprecated and will be removed in CLI version 2.0.36. The command", `redis patch-schedule patch-schedule show`," will be replaced with `redis patch-schedule show`'""]",,,,,,,,,,,,,,,,,,
getcertificateissuer,getcertificateissuer,PROPN,NNP,compound,True,False,True,2,[u'Lists the specified certificate issuer.  The GetCertificateIssuer operation returns the specified certificate issuer resources in the specified key vault.', u'List certificate issuers for a specified key vault.  The GetCertificateIssuers operation returns the set of certificate issuer resources in the specified key vault.'],,,,,,,,,,,,,,,,,,,,
mynamepsace,mynamepsace,NOUN,NN,pobj,True,False,True,2,"[u""Updates Authorization Rule 'myauthorule' for the given Service Bus Namespace 'mynamepsace' in resourcegroup"""," u""Create Authorization Rule 'myauthorule' for the given Service Bus Namespace 'mynamepsace' in resourcegroup""]",,,,,,,,,,,,,,,,,,,,
fileservice,fileservice,PROPN,NNP,pobj,True,False,True,2,[u'Generates a shared access signature for the file. Use the returned signature with the sas_token parameter of FileService.', u'Generates a shared access signature for the share. Use the returned signature with the sas_token parameter of FileService.'],,,,,,,,,,,,,,,,,,,,
maxfileoperationtimeout,maxfileoperationtimeout,NOUN,NN,amod,True,False,True,2,[u'Set the `MaxFileOperationTimeout` setting for a cluster to 5 seconds.', u'Remove the `MaxFileOperationTimeout` setting from a cluster.'],,,,,,,,,,,,,,,,,,,,
myresourcegroup,myresourcegroup,PROPN,NNP,dobj,True,False,True,2,"[u""Create a storage account 'MyStorageAccount' in resource group 'MyResourceGroup' in the West US region with locally redundant storage."""," u""Check if 'MyResourceGroup' exists.""]",,,,,,,,,,,,,,,,,,,,
executioninfo,executioninfo,NOUN,NN,advmod,True,False,True,2,[u'Lists all of the tasks that are associated with the specified job.  For multi-instance tasks, information such as affinityId, executionInfo and nodeInfo refer to the primary task. Use the list subtasks API to retrieve information about subtasks.', u'Gets information about the specified task.  For multi-instance tasks, information such as affinityId, executionInfo and nodeInfo refer to the primary task. Use the list subtasks API to retrieve information about subtasks.'],,,,,,,,,,,,,,,,
datawarehouse,datawarehouse,NOUN,NN,dobj,True,False,True,2,[u'Resumes a datawarehouse.', u'Pauses a datawarehouse.'],,,,,,,,,,,,,,,,,,,,
docsmicrosoftcom,docsmicrosoftcom,NOUN,NN,nmod,True,False,True,2,[u'Create an Ubuntu Linux VM using a cloud-init script for configuration. See: https://docs.microsoft.com/azure/virtual-machines/virtual-machines-linux-using-cloud-init.', u'Create a Linux VM scale set using a cloud-init script for configuration. See: https://docs.microsoft.com/azure/virtual-machines/virtual-machines-linux-using-cloud-init'],,,,,,,,,,,,,,,,,,,,
x,x,PROPN,NNP,compound,True,False,True,2,[u'Create a device authenticating with a self-signed X.509 certificate, which is put into to the current directory.', u'Create a device authenticating with a self-signed X.509 certificate, and write the certificate to /path/to/output.'],,,,,,,,,,,,,,,,,,
getdeletedcertificate,getdeletedcertificate,NOUN,NNS,compound,True,False,True,2,[u'Lists the deleted certificates in the specified vault, currently available for recovery.  The GetDeletedCertificates operation retrieves the certificates in the current vault which are in a deleted state and ready for recovery or purging.', u'Retrieves information about the specified deleted certificate.  The GetDeletedCertificate operation retrieves the deleted certificate information plus its attributes, such as retention interval, scheduled permanent deletion and the current deletion recovery level.'],,,,,,,,,,,,,,,,,
funcupdate,funcupdate,ADJ,JJ,compound,True,False,True,2,[u'Deletes the specified message.  Normally after a client retrieves a message with the get_messages operation,  the client is expected to process and delete the message. To delete the  message, you must have two items of data: id and pop_receipt. The  id is returned from the previous get_messages operation. The  pop_receipt is returned from the most recent :func:`~get_messages` or  :func:`~update_message` operation. In order for the delete_message operation  to succeed, the pop_receipt specified on the request must match the  pop_receipt returned from the :func:`~get_messages` or :func:`~update_message`  operation.', u'Deletes the specified message.  Normally after a client retrieves a message with the get_messages operation,  the client is expected to process and delete the message. To delete the  message, you must have two items of data: id and pop_receipt. The  id is returned from the previous get_messages operation. The  pop_receipt is returned from the most recent :func:`~get_messages` or  :func:`~update_message` operation. In order for the delete_message operation  to succeed, the pop_receipt specified on the request must match the  pop_receipt returned from the :func:`~get_messages` or :func:`~update_message`  operation.'],,,,,,,,,,,,,,
detatch,detatch,VERB,VB,nsubj,True,False,True,2,[u'Detatch a managed disk from a VM.', u'Detatch an unmanaged disk from a VM.'],,,,,,,,,,,,,,,,,,,,
openlogic,openlogic,PROPN,NNP,pobj,True,False,True,2,[u'List all skus available for CentOS published by OpenLogic in the West US region.', u'Show information for the latest available CentOS image from OpenLogic.'],,,,,,,,,,,,,,,,,,,,
mylinkedhub,mylinkedhub,PROPN,NNP,advmod,True,False,True,2,"[u""Delete linked IoT hub 'MyLinkedHub' in an Azure IoT Hub device provisioning service"""," u""Show details of linked IoT hub 'MyLinkedHub' in an Azure IoT Hub device provisioning service""]",,,,,,,,,,,,,,,,,,,,
microsoftazureapp,microsoftazureapp,PROPN,NNP,pobj,True,False,True,2,"[u'List extension names where the publisher name starts with ""Microsoft.Azure.App"".'"," u'List extension names where the publisher name starts with ""Microsoft.Azure.App"".']",,,,,,,,,,,,,,,,,,,,
funcget,funcget,NOUN,NN,compound,True,False,True,2,[u'Deletes the specified message.  Normally after a client retrieves a message with the get_messages operation,  the client is expected to process and delete the message. To delete the  message, you must have two items of data: id and pop_receipt. The  id is returned from the previous get_messages operation. The  pop_receipt is returned from the most recent :func:`~get_messages` or  :func:`~update_message` operation. In order for the delete_message operation  to succeed, the pop_receipt specified on the request must match the  pop_receipt returned from the :func:`~get_messages` or :func:`~update_message`  operation.', u'Deletes the specified message.  Normally after a client retrieves a message with the get_messages operation,  the client is expected to process and delete the message. To delete the  message, you must have two items of data: id and pop_receipt. The  id is returned from the previous get_messages operation. The  pop_receipt is returned from the most recent :func:`~get_messages` or  :func:`~update_message` operation. In order for the delete_message operation  to succeed, the pop_receipt specified on the request must match the  pop_receipt returned from the :func:`~get_messages` or :func:`~update_message`  operation.'],,,,,,,,,,,,,,
nodeinfo,nodeinfo,NOUN,NN,aux,True,False,True,2,[u'Lists all of the tasks that are associated with the specified job.  For multi-instance tasks, information such as affinityId, executionInfo and nodeInfo refer to the primary task. Use the list subtasks API to retrieve information about subtasks.', u'Gets information about the specified task.  For multi-instance tasks, information such as affinityId, executionInfo and nodeInfo refer to the primary task. Use the list subtasks API to retrieve information about subtasks.'],,,,,,,,,,,,,,,,
pricesheet,pricesheet,NOUN,NN,ROOT,True,False,True,2,[u'consumption pricesheet', u'consumption pricesheet show'],,,,,,,,,,,,,,,,,,,,
resourcegroup,resourcegroup,NOUN,NN,pobj,True,False,True,2,"[u""Updates Authorization Rule 'myauthorule' for the given Service Bus Namespace 'mynamepsace' in resourcegroup"""," u""Create Authorization Rule 'myauthorule' for the given Service Bus Namespace 'mynamepsace' in resourcegroup""]",,,,,,,,,,,,,,,,,,,,
affinityid,affinityid,ADJ,JJS,pobj,True,False,True,2,[u'Lists all of the tasks that are associated with the specified job.  For multi-instance tasks, information such as affinityId, executionInfo and nodeInfo refer to the primary task. Use the list subtasks API to retrieve information about subtasks.', u'Gets information about the specified task.  For multi-instance tasks, information such as affinityId, executionInfo and nodeInfo refer to the primary task. Use the list subtasks API to retrieve information about subtasks.'],,,,,,,,,,,,,,,,
primay,primay,PROPN,NNP,pobj,True,False,True,2,[u'shows properties of Geo-Disaster Recovery Configuration Alias for Primay or Secondary Namespace', u'shows properties of Service Bus Geo-Disaster Recovery Configuration Alias for Primay/Secondary Namespace'],,,,,,,,,,,,,,,,,,,,
stdouterr,stdouterr,PROPN,NNP,compound,True,False,True,2,[u'List names and sizes of files and directories inside of $AZ_BATCHAI_STDOUTERR_DIR.', u'List names, sizes and download URLs for files and directories inside of $AZ_BATCHAI_STDOUTERR_DIR/folder/subfolder.'],,,,,,,,,,,,,,,,,,,
myvnet,myvnet,NOUN,NN,pobj,True,False,True,2,[u'Check whether 10.0.0.4 is available within MyVnet.', u'Get details for MyVNet.'],,,,,,,,,,,,,,,,,,,,
classazureconflicthttperror,classazureconflicthttperror,NOUN,NN,dobj,True,False,True,2,[u'Deletes the specified table and any data it contains.  When a table is successfully deleted, it is immediately marked for deletion  and is no longer accessible to clients. The table is later removed from  the Table service during garbage collection.  Note that deleting a table is likely to take at least 40 seconds to complete.  If an operation is attempted against the table while it was being deleted,  an :class:`AzureConflictHttpError` will be thrown.', u'Deletes the specified queue and any messages it contains.  When a queue is successfully deleted, it is immediately marked for deletion  and is no longer accessible to clients. The queue is later removed from  the Queue service during garbage collection.  Note that deleting a queue is likely to take at least 40 seconds to complete.  If an operation is attempted against the queue while it was being deleted,  an :class:`AzureConflictHttpError` will be thrown.'],,,,,,,,,,,,,,,,
validationstatus,validationstatus,NOUN,NN,nsubj,True,False,True,2,[u'Gets the task counts for the specified job.  Task counts provide a count of the tasks by active, running or completed task state, and a count of tasks which succeeded or failed. Tasks in the preparing state are counted as running. If the validationStatus is unvalidated, then the Batch service has not been able to check state counts against the task states as reported in the List Tasks API. The validationStatus may be unvalidated if the job contains more than 200,000 tasks.', u'Gets the task counts for the specified job.  Task counts provide a count of the tasks by active, running or completed task state, and a count of tasks which succeeded or failed. Tasks in the preparing state are counted as running. If the validationStatus is unvalidated, then the Batch service has not been able to check state counts against the task states as reported in the List Tasks API. The validationStatus may be unvalidated if the job contains more than 200,000 tasks.'],,,,,,,,,,,,
synchroniz,synchroniz,NOUN,NNS,nsubj,True,False,True,1,[u'Synchronizes access keys for the auto-storage account configured for the specified Batch account.'],,,,,,,,,,,,,,,,,,,,,
mschav,mschav,PROPN,NNP,compound,True,False,True,1,[u'Create the VPN client configuration for RADIUS with EAP-MSCHAV2 authentication.'],,,,,,,,,,,,,,,,,,,,,
cloudserviceconfiguration,cloudserviceconfiguration,NOUN,NN,compound,True,False,True,1,"[u""Upgrades the operating system of the specified pool.  During an upgrade", the Batch service upgrades each compute node in the pool. When a compute node is chosen for upgrade, any tasks running on that node are removed from the node and returned to the queue to be rerun later (or on a different compute node). The node will be unavailable until the upgrade is complete. This operation results in temporarily reduced pool capacity as nodes are taken out of service to be upgraded. Although the Batch service tries to avoid upgrading all compute nodes at the same time, it does not guarantee to do this (particularly on small pools), therefore, the pool may be temporarily unavailable to run tasks. When this operation runs, the pool state changes to upgrading. When all compute nodes have finished upgrading, the pool state returns to active. While the upgrade is in progress, the pool's currentOSVersion reflects the OS version that nodes are upgrading from, and targetOSVersion reflects the OS version that nodes are upgrading to. Once the upgrade is complete," currentOSVersion is updated to reflect the OS version now running on all nodes. This operation can only be invoked on pools created with the cloudServiceConfiguration property.""]",,,,,,,,,,,
targetosversion,targetosversion,NOUN,NN,cc,True,False,True,1,"[u""Upgrades the operating system of the specified pool.  During an upgrade", the Batch service upgrades each compute node in the pool. When a compute node is chosen for upgrade, any tasks running on that node are removed from the node and returned to the queue to be rerun later (or on a different compute node). The node will be unavailable until the upgrade is complete. This operation results in temporarily reduced pool capacity as nodes are taken out of service to be upgraded. Although the Batch service tries to avoid upgrading all compute nodes at the same time, it does not guarantee to do this (particularly on small pools), therefore, the pool may be temporarily unavailable to run tasks. When this operation runs, the pool state changes to upgrading. When all compute nodes have finished upgrading, the pool state returns to active. While the upgrade is in progress, the pool's currentOSVersion reflects the OS version that nodes are upgrading from, and targetOSVersion reflects the OS version that nodes are upgrading to. Once the upgrade is complete," currentOSVersion is updated to reflect the OS version now running on all nodes. This operation can only be invoked on pools created with the cloudServiceConfiguration property.""]",,,,,,,,,,,
getremotedesktop,getremotedesktop,PROPN,NNP,compound,True,False,True,1,[u'Gets the settings required for remote login to a compute node.  Before you can remotely login to a node using the remote login settings, you must create a user account on the node. This API can be invoked only on pools created with the virtual machine configuration property. For pools created with a cloud service configuration, see the GetRemoteDesktop API.'],,,,,,,,,,,,,,,,,,,
usersubscription,usersubscription,PROPN,NNP,compound,True,False,True,1,"[u""Gets the account keys for the specified Batch account.  This operation applies only to Batch accounts created with a poolAllocationMode of 'BatchService'. If the Batch account was created with a poolAllocationMode of 'UserSubscription'", clients cannot use access to keys to authenticate, and must use Azure Active Directory instead. In this case," getting the keys will fail.""]",,,,,,,,,,,,,,,,,,
geolatency,geolatency,PROPN,NNP,pobj,True,False,True,1,"[u""Update Allocation Policy to 'GeoLatency' of an Azure IoT Hub device provisioning service 'MyDps'""]",,,,,,,,,,,,,,,,,,,,,
identifierattribute,identifierattribute,NOUN,NNS,nsubjpass,True,False,True,1,[u'List keys in the specified vault.  Retrieves a list of the keys in the Key Vault as JSON Web Key structures that contain the public part of a stored key. The LIST operation is applicable to all key types, however only the base key identifier,attributes, and tags are provided in the response. Individual versions of a key are not listed in the response. Authorization: Requires the keys/list permission.'],,,,,,,,,,,,,,,,,,
classazurestorageblobmodelsblob,classazurestorageblobmodelsblob,NOUN,NN,pobj,True,False,True,1,[u'Downloads a blob to a file path, with automatic chunking and progress notifications. Returns an instance of :class:`~azure.storage.blob.models.Blob` with properties and metadata.'],,,,,,,,,,,,,,,,,,,,
mesosphere,mesosphere,PROPN,NNP,compound,True,False,True,1,[u'Creates an SSH tunnel to the Azure container service, and opens the Mesosphere DC/OS dashboard in the browser.'],,,,,,,,,,,,,,,,,,,,
mybackendlistener,mybackendlistener,PROPN,NNP,oprd,True,False,True,1,[u'Create a redirect configuration to a http-listener called MyBackendListener.'],,,,,,,,,,,,,,,,,,,,,
getremoteloginsettings,getremoteloginsettings,PROPN,NNP,compound,True,False,True,1,[u'Gets the Remote Desktop Protocol file for the specified compute node.  Before you can access a node by using the RDP file, you must create a user account on the node. This API can only be invoked on pools created with a cloud service configuration. For pools created with a virtual machine configuration, see the GetRemoteLoginSettings API.'],,,,,,,,,,,,,,,,,,,
vmsses,vmsses,PROPN,NNP,conj,True,False,True,1,[u'Transform secrets into a form that can be used by VMs and VMSSes.'],,,,,,,,,,,,,,,,,,,,,
jobpreparationtasknotspecifi,jobpreparationtasknotspecifi,VERB,VBN,pobj,True,False,True,1,[u'Lists the execution status of the Job Preparation and Job Release task for the specified job across the compute nodes where the job has run.  This API returns the Job Preparation and Job Release task status on all compute nodes that have run the Job Preparation or Job Release task. This includes nodes which have since been removed from the pool. If this API is invoked on a job which has no Job Preparation or Job Release task, the Batch service returns HTTP status code 409 (Conflict) with an error code of JobPreparationTaskNotSpecified.'],,,,,,,,,,,,,,,,,,,,
vmlist,vmlist,NOUN,NN,pobj,True,False,True,1,"[u""Tag the virtual machine 'MyVm' with the key 'vmlist' and value 'vm1'.""]",,,,,,,,,,,,,,,,,,,,,
mergecertificate,mergecertificate,PROPN,NNP,compound,True,False,True,1,[u'Merges a certificate or a certificate chain with a key pair existing on the server.  The MergeCertificate operation performs the merging of a certificate or certificate chain with a key pair currently available in the service. Authorization: requires the certificates/update permission.'],,,,,,,,,,,,,,,,,,,,,
anothercan,anothercan,ADJ,JJ,relcl,True,False,True,1,[u'Moves resources from one resource group to another(can be under different subscription)'],,,,,,,,,,,,,,,,,,,,,
adonet,adonet,NOUN,NN,pobj,True,False,True,1,[u'Generate connection string for ado.net'],,,,,,,,,,,,,,,,,,,,,
mylinkedhubazure,mylinkedhubazure,NOUN,NN,compound,True,False,True,1,"[u""Update linked IoT hub 'MyLinkedHub.azure-devices.net' in an Azure IoT Hub device provisioning service""]",,,,,,,,,,,,,,,,,,,,,
rbac,rbac,NOUN,NN,pobj,True,False,True,1,[u'ad sp create-for-rbac'],,,,,,,,,,,,,,,,,,,,,
kubectl,kubectl,NOUN,NN,advcl,True,False,True,1,[u'Download and install kubectl, the Kubernetes command-line tool.'],,,,,,,,,,,,,,,,,,,,
deletecontainer,deletecontainer,PROPN,NNP,pobj,True,False,True,1,"[u""List success E2E latency of a storage account and split the data series based on both API name and geo type. Limits the api name to 'DeleteContainer'""]",,,,,,,,,,,,,,,,,,,,,
availabiity,availabiity,NOUN,NN,dobj,True,False,True,1,[u'Convert an availabiity set to use managed disks by name.'],,,,,,,,,,,,,,,,,,,,,
resourceid,resourceid,PROPN,NNP,pobj,True,False,True,1,[u'Create a link from {SourceID} to {ResourceID} with notes'],,,,,,,,,,,,,,,,,,,,,
servicetag,servicetag,NOUN,NNS,dobj,True,False,True,1,[u'Create a security rule using service tags. For more details visit https://aka.ms/servicetags'],,,,,,,,,,,,,,,,,,,,,
myfolder,myfolder,PROPN,NNP,compound,True,False,True,1,"[u""List files in a folder 'MyFolder/MySubfolder' of an output directory with id 'MODELS'.""]",,,,,,,,,,,,,,,,,,,,,
classazurestoragefilemodelsfilepropertie,classazurestoragefilemodelsfilepropertie,NOUN,NNS,pobj,True,False,True,1,[u'Returns all user-defined metadata, standard HTTP properties, and system properties for the file. Returns an instance of :class:`~azure.storage.file.models.File` with :class:`~azure.storage.file.models.FileProperties` and a metadata dict.'],,,,,,,,,,,,,,,,,,,
recoverdeletedcertificate,recoverdeletedcertificate,ADJ,JJ,compound,True,False,True,1,"[u""Recovers the deleted certificate back to its current version under /certificates.  The RecoverDeletedCertificate operation performs the reversal of the Delete operation. The operation is applicable in vaults enabled for soft-delete"," and must be issued during the retention interval (available in the deleted certificate's attributes).""]",,,,,,,,,,,,,,,,,,,,
servicecatalog,servicecatalog,PROPN,NNP,ROOT,True,False,True,1,"[u""Create a managed application of kind 'ServiceCatalog'. This requires a valid managed application definition ID.""]",,,,,,,,,,,,,,,,,,,,,
mystorageaccount,mystorageaccount,NOUN,NN,dobj,True,False,True,1,"[u""Create a storage account 'MyStorageAccount' in resource group 'MyResourceGroup' in the West US region with locally redundant storage.""]",,,,,,,,,,,,,,,,,,,,,
myiothub,myiothub,PROPN,NNP,pobj,True,False,True,1,[u'List all certificates in MyIotHub'],,,,,,,,,,,,,,,,,,,,,
purgeable,purgeable,PROPN,NNP,nsubj,True,False,True,1,"[u""Permanently deletes the specified deleted certificate.  The PurgeDeletedCertificate operation performs an irreversible deletion of the specified certificate"," without possibility for recovery. The operation is not available if the recovery level does not specify 'Purgeable'. Requires the explicit granting of the 'purge' permission.""]",,,,,,,,,,,,,,,,,,,,
eastus,eastus,NOUN,NN,compound,True,False,True,1,[u'Get information for eastus location.'],,,,,,,,,,,,,,,,,,,,,
mysubfolder,mysubfolder,PROPN,NNP,appos,True,False,True,1,"[u""List files in a folder 'MyFolder/MySubfolder' of an output directory with id 'MODELS'.""]",,,,,,,,,,,,,,,,,,,,,
enrollmentwrite,enrollmentwrite,PROPN,NNP,pobj,True,False,True,1,"[u""Update access policy 'MyPolicy' in an Azure IoT Hub device provisioning service with EnrollmentWrite right""]",,,,,,,,,,,,,,,,,,,,,
akam,akam,VERB,VBZ,compound,True,False,True,1,[u'Create a security rule using service tags. For more details visit https://aka.ms/servicetags'],,,,,,,,,,,,,,,,,,,,,
queueservice,queueservice,PROPN,NNP,pobj,True,False,True,1,[u'Generates a shared access signature for the queue. Use the returned signature with the sas_token parameter of QueueService.'],,,,,,,,,,,,,,,,,,,,,
purgedeletedcertificate,purgedeletedcertificate,NOUN,NN,compound,True,False,True,1,"[u""Permanently deletes the specified deleted certificate.  The PurgeDeletedCertificate operation performs an irreversible deletion of the specified certificate"," without possibility for recovery. The operation is not available if the recovery level does not specify 'Purgeable'. Requires the explicit granting of the 'purge' permission.""]",,,,,,,,,,,,,,,,,,,,
sourceid,sourceid,PROPN,NNP,pobj,True,False,True,1,[u'Create a link from {SourceID} to {ResourceID} with notes'],,,,,,,,,,,,,,,,,,,,,
sharess,sharess,ADJ,JJ,compound,True,False,True,1,"[u""Returns all user-defined metadata and system properties for the specified share. The data returned does not include the shares's list of files or directories.""]",,,,,,,,,,,,,,,,,,,,,
myuniqueapp,myuniqueapp,PROPN,NNP,compound,True,False,True,1,[u'Swap a staging slot into production for the MyUniqueApp web app.'],,,,,,,,,,,,,,,,,,,,,
poolid,poolid,NOUN,NN,pobj,True,False,True,1,[u'Lists the usage metrics, aggregated by pool across individual time intervals, for the specified account.  If you do not specify a $filter clause including a poolId, the response includes all pools that existed in the account in the time range of the returned aggregation intervals. If you do not specify a $filter clause including a startTime or endTime these filters default to the start and end times of the last aggregation interval currently available, that is, only the last aggregation interval is returned.'],,,,,,,,,,,,,,,,
westus,westus,PROPN,NNP,compound,True,False,True,1,"[u""List all NSGs in the 'westus' region.""]",,,,,,,,,,,,,,,,,,,,,
mynamespace,mynamespace,NOUN,NN,pobj,True,False,True,1,[u'check for the availability of mynamespace for the Namespace'],,,,,,,,,,,,,,,,,,,,,
classazurestoragefilemodelsfile,classazurestoragefilemodelsfile,NOUN,NN,pobj,True,False,True,1,[u'Returns all user-defined metadata, standard HTTP properties, and system properties for the file. Returns an instance of :class:`~azure.storage.file.models.File` with :class:`~azure.storage.file.models.FileProperties` and a metadata dict.'],,,,,,,,,,,,,,,,,,,
deletecertificateissuer,deletecertificateissuer,PROPN,NNP,compound,True,False,True,1,[u'Deletes the specified certificate issuer.  The DeleteCertificateIssuer operation permanently removes the specified certificate issuer from the vault.'],,,,,,,,,,,,,,,,,,,,,
sourcerepositorysourcetag,sourcerepositorysourcetag,NOUN,NN,dobj,True,False,True,1,[u'Import an image to the target registry and inherits sourcerepository:sourcetag from source.'],,,,,,,,,,,,,,,,,,,,,
unamanaged,unamanaged,ADJ,JJ,amod,True,False,True,1,[u'List unamanaged disks of a VM.'],,,,,,,,,,,,,,,,,,,,,
devicesnet,devicesnet,NOUN,NN,dobj,True,False,True,1,"[u""Update linked IoT hub 'MyLinkedHub.azure-devices.net' in an Azure IoT Hub device provisioning service""]",,,,,,,,,,,,,,,,,,,,,
getcertificatecontacts,getcertificatecontacts,PROPN,NNPS,compound,True,False,True,1,[u'Lists the certificate contacts for a specified key vault.  The GetCertificateContacts operation returns the set of certificate contact resources in the specified key vault.'],,,,,,,,,,,,,,,,,,,,,
updatecertificate,updatecertificate,PROPN,NNP,compound,True,False,True,1,"[u""Updates the specified attributes associated with the given certificate.  The UpdateCertificate operation applies the specified update on the given certificate"," note the only elements being updated are the certificate's attributes.""]",,,,,,,,,,,,,,,,,,,,
batchservice,batchservice,PROPN,NNP,pobj,True,False,True,1,"[u""Gets the account keys for the specified Batch account.  This operation applies only to Batch accounts created with a poolAllocationMode of 'BatchService'. If the Batch account was created with a poolAllocationMode of 'UserSubscription'", clients cannot use access to keys to authenticate, and must use Azure Active Directory instead. In this case," getting the keys will fail.""]",,,,,,,,,,,,,,,,,,
dequeuecount,dequeuecount,PROPN,NNP,pobj,True,False,True,1,[u'Retrieves one or more messages from the front of the queue, but does not alter the visibility of the message.  Only messages that are visible may be retrieved. When a message is retrieved  for the first time with a call to get_messages, its dequeue_count property  is set to 1. If it is not deleted and is subsequently retrieved again, the  dequeue_count property is incremented. The client may use this value to  determine how many times a message has been retrieved. Note that a call  to peek_messages does not increment the value of DequeueCount, but returns  this value for the client to read.  If the key-encryption-key or resolver field is set on the local service object, the messages will be decrypted before being returned.'],,,,,,,,,,,,,,,,
getcertificateversion,getcertificateversion,NOUN,NNS,compound,True,False,True,1,[u'List the versions of a certificate.  The GetCertificateVersions operation returns the versions of a certificate in the specified key vault.'],,,,,,,,,,,,,,,,,,,,,
getcertificates,getcertificates,PROPN,NNPS,compound,True,False,True,1,[u'List certificates in a specified key vault.  The GetCertificates operation returns the set of certificates resources in the specified key vault.'],,,,,,,,,,,,,,,,,,,,,
maanged,maanged,ADJ,JJ,amod,True,False,True,1,[u'List maanged databases on a managed instance.'],,,,,,,,,,,,,,,,,,,,,
customscript,customscript,PROPN,NNP,compound,True,False,True,1,[u'Show the CustomScript extension version 2.0.2.'],,,,,,,,,,,,,,,,,,,,,
tableservice,tableservice,PROPN,NNP,pobj,True,False,True,1,[u'Generates a shared access signature for the table. Use the returned signature with the sas_token parameter of TableService.'],,,,,,,,,,,,,,,,,,,,,
resiz,resiz,NOUN,NNS,nsubj,True,False,True,1,[u'Resizes a file to the specified size. If the specified byte value is less than the current size of the file, then all ranges above the specified byte value are cleared.'],,,,,,,,,,,,,,,,,,,,
enrollmentread,enrollmentread,PROPN,NNP,pobj,True,False,True,1,[u'Create a new shared access policy in an Azure IoT Hub device provisioning service with EnrollmentRead right'],,,,,,,,,,,,,,,,,,,,,
certificte,certificte,ADJ,JJ,dobj,True,False,True,1,[u'Create using a self-signed certificte.'],,,,,,,,,,,,,,,,,,,,,
poolbeingdeleted,poolbeingdeleted,PROPN,NNP,dep,True,False,True,1,[u'Deletes a pool from the specified account.  When you request that a pool be deleted, the following actions occur: the pool state is set to deleting, any ongoing resize operation on the pool are stopped, the Batch service starts resizing the pool to zero nodes, any tasks running on existing nodes are terminated and requeued (as if a resize pool operation had been requested with the default requeue option), finally, the pool is removed from the system. Because running tasks are requeued, the user can rerun these tasks by updating their job to target a different pool. The tasks can then run on the new pool. If you want to override the requeue behavior, then you should call resize pool explicitly to shrink the pool to zero size before deleting the pool. If you call an Update, Patch or Delete API on a pool in the deleting state, it will fail with HTTP status code 409 with error code PoolBeingDeleted.'],,,,,,,,,,,
byok,byok,NOUN,NNS,compound,True,False,True,1,[u'Import a private key. Supports importing base64 encoded private keys from PEM files. Supports importing BYOK keys into HSM for premium KeyVaults. '],,,,,,,,,,,,,,,,,,,,,
mywebapptrafficmanagernet,mywebapptrafficmanagernet,NOUN,NN,pobj,True,False,True,1,"[u""Check the availability of 'mywebapp.trafficmanager.net' in Azure.""]",,,,,,,,,,,,,,,,,,,,,
